Country,Year,Age,Sex,N_of_people_convicted,Mid_year_population_estimate
SCO,1989,16,Male,3435,36212
SCO,1989,17,Male,3988,38222
SCO,1989,18,Male,4058,40295
SCO,1989,19,Male,3887,40217
SCO,1989,20,Male,3500,42004
SCO,1989,21,Male,3272,42623
SCO,1989,22,Male,2864,43389
SCO,1989,23,Male,2477,41610
SCO,1989,24,Male,2389,43254
SCO,1989,25,Male,2223,42131
SCO,1989,26,Male,1968,41211
SCO,1989,27,Male,1758,41025
SCO,1989,28,Male,1597,40347
SCO,1989,29,Male,1358,39655
SCO,1989,30,Male,1187,38285
SCO,1989,31,Male,1131,36894
SCO,1989,32,Male,966,35909
SCO,1989,33,Male,830,35709
SCO,1989,34,Male,761,33928
SCO,1989,35,Male,735,33819
SCO,1989,36,Male,653,33311
SCO,1989,37,Male,667,31882
SCO,1989,38,Male,589,33224
SCO,1989,39,Male,611,33650
SCO,1989,40,Male,546,34754
SCO,1989,41,Male,545,36330
SCO,1989,42,Male,514,39748
SCO,1989,43,Male,384,30840
SCO,1989,44,Male,388,29623
SCO,1989,45,Male,369,30723
SCO,1989,46,Male,358,30021
SCO,1989,47,Male,336,28219
SCO,1989,48,Male,269,26703
SCO,1989,49,Male,312,27808
SCO,1989,50,Male,251,27956
SCO,1989,51,Male,222,27962
SCO,1989,52,Male,199,27314
SCO,1989,53,Male,173,27111
SCO,1989,54,Male,152,26743
SCO,1989,55,Male,150,26430
SCO,1989,56,Male,112,25983
SCO,1989,57,Male,114,26661
SCO,1989,58,Male,95,26571
SCO,1989,59,Male,87,26047
SCO,1989,60,Male,83,25659
SCO,1989,61,Male,53,24929
SCO,1989,62,Male,51,24797
SCO,1989,63,Male,52,25128
SCO,1989,64,Male,48,24028
SCO,1989,65,Male,34,23550
SCO,1989,66,Male,29,22382
SCO,1989,67,Male,19,23238
SCO,1989,68,Male,19,22330
SCO,1989,69,Male,25,22759
SCO,1989,70,Male,5,15179
SCO,1989,71,Male,7,14201
SCO,1989,72,Male,5,14836
SCO,1989,73,Male,7,14737
SCO,1989,74,Male,8,14969
SCO,1989,75,Male,1,14025
SCO,1989,76,Male,2,13102
SCO,1989,77,Male,3,11824
SCO,1989,78,Male,0,10641
SCO,1989,79,Male,1,9694
SCO,1989,80,Male,2,8540
SCO,1989,81,Male,0,7368
SCO,1989,82,Male,0,6158
SCO,1989,83,Male,0,5204
SCO,1989,84,Male,0,4359
SCO,1989,85,Male,0,3594
SCO,1989,86,Male,0,2888
SCO,1989,87,Male,0,2250
SCO,1989,88,Male,0,1664
SCO,1989,89,Male,0,1186
SCO,1989,90 & over,Male,0,3154
SCO,1990,16,Male,3098,33515
SCO,1990,17,Male,3720,35965
SCO,1990,18,Male,3915,37910
SCO,1990,19,Male,3784,40285
SCO,1990,20,Male,3398,40299
SCO,1990,21,Male,3113,41800
SCO,1990,22,Male,2904,42132
SCO,1990,23,Male,2593,42574
SCO,1990,24,Male,2291,40901
SCO,1990,25,Male,2144,42443
SCO,1990,26,Male,1995,41565
SCO,1990,27,Male,1788,40834
SCO,1990,28,Male,1585,40731
SCO,1990,29,Male,1424,40188
SCO,1990,30,Male,1243,39530
SCO,1990,31,Male,1126,38251
SCO,1990,32,Male,953,36828
SCO,1990,33,Male,850,35747
SCO,1990,34,Male,830,35653
SCO,1990,35,Male,694,33946
SCO,1990,36,Male,674,33815
SCO,1990,37,Male,588,33297
SCO,1990,38,Male,562,31866
SCO,1990,39,Male,563,33202
SCO,1990,40,Male,512,33596
SCO,1990,41,Male,481,34779
SCO,1990,42,Male,487,36338
SCO,1990,43,Male,479,39688
SCO,1990,44,Male,383,30835
SCO,1990,45,Male,360,29527
SCO,1990,46,Male,334,30681
SCO,1990,47,Male,311,29883
SCO,1990,48,Male,265,28083
SCO,1990,49,Male,239,26571
SCO,1990,50,Male,223,27713
SCO,1990,51,Male,242,27840
SCO,1990,52,Male,179,27839
SCO,1990,53,Male,153,27160
SCO,1990,54,Male,163,26960
SCO,1990,55,Male,141,26561
SCO,1990,56,Male,149,26213
SCO,1990,57,Male,129,25697
SCO,1990,58,Male,91,26397
SCO,1990,59,Male,96,26236
SCO,1990,60,Male,56,25651
SCO,1990,61,Male,75,25310
SCO,1990,62,Male,50,24452
SCO,1990,63,Male,42,24288
SCO,1990,64,Male,40,24595
SCO,1990,65,Male,40,23383
SCO,1990,66,Male,27,22863
SCO,1990,67,Male,22,21640
SCO,1990,68,Male,17,22406
SCO,1990,69,Male,24,21454
SCO,1990,70,Male,20,21710
SCO,1990,71,Male,7,14453
SCO,1990,72,Male,8,13434
SCO,1990,73,Male,4,13953
SCO,1990,74,Male,3,13785
SCO,1990,75,Male,4,13899
SCO,1990,76,Male,1,12907
SCO,1990,77,Male,3,11984
SCO,1990,78,Male,0,10711
SCO,1990,79,Male,3,9574
SCO,1990,80,Male,3,8660
SCO,1990,81,Male,2,7541
SCO,1990,82,Male,1,6409
SCO,1990,83,Male,0,5253
SCO,1990,84,Male,0,4425
SCO,1990,85,Male,1,3603
SCO,1990,86,Male,0,2979
SCO,1990,87,Male,0,2263
SCO,1990,88,Male,0,1821
SCO,1990,89,Male,0,1278
SCO,1990,90 & over,Male,0,3271
SCO,1991,16,Male,2990,32486
SCO,1991,17,Male,3442,33200
SCO,1991,18,Male,3765,35570
SCO,1991,19,Male,3629,37894
SCO,1991,20,Male,3312,40461
SCO,1991,21,Male,2963,40199
SCO,1991,22,Male,2719,41367
SCO,1991,23,Male,2544,41563
SCO,1991,24,Male,2264,41959
SCO,1991,25,Male,2008,40329
SCO,1991,26,Male,1913,41802
SCO,1991,27,Male,1732,41163
SCO,1991,28,Male,1563,40471
SCO,1991,29,Male,1412,40331
SCO,1991,30,Male,1230,39901
SCO,1991,31,Male,1133,39365
SCO,1991,32,Male,995,38077
SCO,1991,33,Male,957,36596
SCO,1991,34,Male,879,35652
SCO,1991,35,Male,777,35592
SCO,1991,36,Male,668,33801
SCO,1991,37,Male,620,33778
SCO,1991,38,Male,601,33201
SCO,1991,39,Male,512,31753
SCO,1991,40,Male,489,33156
SCO,1991,41,Male,490,33549
SCO,1991,42,Male,477,34710
SCO,1991,43,Male,474,36291
SCO,1991,44,Male,406,39652
SCO,1991,45,Male,312,30680
SCO,1991,46,Male,289,29464
SCO,1991,47,Male,304,30572
SCO,1991,48,Male,288,29755
SCO,1991,49,Male,267,27949
SCO,1991,50,Male,225,26423
SCO,1991,51,Male,212,27567
SCO,1991,52,Male,188,27694
SCO,1991,53,Male,171,27648
SCO,1991,54,Male,147,26976
SCO,1991,55,Male,147,26787
SCO,1991,56,Male,109,26308
SCO,1991,57,Male,120,25900
SCO,1991,58,Male,86,25450
SCO,1991,59,Male,77,26068
SCO,1991,60,Male,66,25890
SCO,1991,61,Male,59,25270
SCO,1991,62,Male,47,24900
SCO,1991,63,Male,50,23920
SCO,1991,64,Male,48,23761
SCO,1991,65,Male,41,23998
SCO,1991,66,Male,37,22727
SCO,1991,67,Male,21,22094
SCO,1991,68,Male,16,20907
SCO,1991,69,Male,22,21492
SCO,1991,70,Male,16,20567
SCO,1991,71,Male,18,20673
SCO,1991,72,Male,3,13693
SCO,1991,73,Male,7,12701
SCO,1991,74,Male,5,13068
SCO,1991,75,Male,1,12853
SCO,1991,76,Male,4,12944
SCO,1991,77,Male,3,11874
SCO,1991,78,Male,0,11002
SCO,1991,79,Male,0,9724
SCO,1991,80,Male,1,8590
SCO,1991,81,Male,0,7696
SCO,1991,82,Male,1,6601
SCO,1991,83,Male,0,5592
SCO,1991,84,Male,0,4496
SCO,1991,85,Male,0,3776
SCO,1991,86,Male,0,3046
SCO,1991,87,Male,0,2489
SCO,1991,88,Male,0,1853
SCO,1991,89,Male,0,1490
SCO,1991,90 & over,Male,0,3329
SCO,1992,16,Male,2744,31944
SCO,1992,17,Male,3256,32164
SCO,1992,18,Male,3442,32837
SCO,1992,19,Male,3424,36129
SCO,1992,20,Male,3270,38134
SCO,1992,21,Male,2978,40289
SCO,1992,22,Male,2744,39703
SCO,1992,23,Male,2485,40597
SCO,1992,24,Male,2299,40788
SCO,1992,25,Male,2086,41448
SCO,1992,26,Male,1832,39856
SCO,1992,27,Male,1763,41495
SCO,1992,28,Male,1609,40917
SCO,1992,29,Male,1482,40120
SCO,1992,30,Male,1316,40049
SCO,1992,31,Male,1167,39672
SCO,1992,32,Male,1046,39076
SCO,1992,33,Male,955,37902
SCO,1992,34,Male,832,36470
SCO,1992,35,Male,750,35635
SCO,1992,36,Male,684,35516
SCO,1992,37,Male,644,33756
SCO,1992,38,Male,566,33774
SCO,1992,39,Male,539,33204
SCO,1992,40,Male,452,31819
SCO,1992,41,Male,414,33128
SCO,1992,42,Male,454,33543
SCO,1992,43,Male,412,34740
SCO,1992,44,Male,418,36280
SCO,1992,45,Male,424,39522
SCO,1992,46,Male,294,30645
SCO,1992,47,Male,285,29401
SCO,1992,48,Male,273,30440
SCO,1992,49,Male,253,29679
SCO,1992,50,Male,205,27825
SCO,1992,51,Male,198,26350
SCO,1992,52,Male,187,27444
SCO,1992,53,Male,185,27549
SCO,1992,54,Male,139,27517
SCO,1992,55,Male,122,26789
SCO,1992,56,Male,104,26579
SCO,1992,57,Male,99,26064
SCO,1992,58,Male,95,25654
SCO,1992,59,Male,74,25129
SCO,1992,60,Male,57,25721
SCO,1992,61,Male,61,25459
SCO,1992,62,Male,49,24803
SCO,1992,63,Male,50,24383
SCO,1992,64,Male,35,23366
SCO,1992,65,Male,35,23129
SCO,1992,66,Male,26,23302
SCO,1992,67,Male,31,21959
SCO,1992,68,Male,19,21287
SCO,1992,69,Male,15,20044
SCO,1992,70,Male,10,20520
SCO,1992,71,Male,12,19601
SCO,1992,72,Male,14,19606
SCO,1992,73,Male,2,12913
SCO,1992,74,Male,4,11955
SCO,1992,75,Male,5,12099
SCO,1992,76,Male,2,11929
SCO,1992,77,Male,3,11955
SCO,1992,78,Male,1,10870
SCO,1992,79,Male,2,9981
SCO,1992,80,Male,0,8729
SCO,1992,81,Male,0,7667
SCO,1992,82,Male,0,6785
SCO,1992,83,Male,1,5687
SCO,1992,84,Male,1,4801
SCO,1992,85,Male,0,3808
SCO,1992,86,Male,0,3166
SCO,1992,87,Male,0,2518
SCO,1992,88,Male,0,2026
SCO,1992,89,Male,0,1514
SCO,1992,90 & over,Male,0,3704
SCO,1993,16,Male,2248,29604
SCO,1993,17,Male,2840,31600
SCO,1993,18,Male,2991,31772
SCO,1993,19,Male,3044,33546
SCO,1993,20,Male,2883,36328
SCO,1993,21,Male,2738,38106
SCO,1993,22,Male,2510,39963
SCO,1993,23,Male,2329,39220
SCO,1993,24,Male,2187,40034
SCO,1993,25,Male,2120,40357
SCO,1993,26,Male,1825,41145
SCO,1993,27,Male,1618,39641
SCO,1993,28,Male,1543,41283
SCO,1993,29,Male,1424,40678
SCO,1993,30,Male,1328,40002
SCO,1993,31,Male,1186,40024
SCO,1993,32,Male,1078,39590
SCO,1993,33,Male,986,38984
SCO,1993,34,Male,887,37871
SCO,1993,35,Male,792,36509
SCO,1993,36,Male,687,35689
SCO,1993,37,Male,642,35481
SCO,1993,38,Male,576,33791
SCO,1993,39,Male,531,33846
SCO,1993,40,Male,505,33275
SCO,1993,41,Male,455,31867
SCO,1993,42,Male,467,33143
SCO,1993,43,Male,428,33599
SCO,1993,44,Male,365,34743
SCO,1993,45,Male,372,36238
SCO,1993,46,Male,388,39509
SCO,1993,47,Male,269,30630
SCO,1993,48,Male,257,29328
SCO,1993,49,Male,229,30419
SCO,1993,50,Male,203,29593
SCO,1993,51,Male,193,27734
SCO,1993,52,Male,172,26264
SCO,1993,53,Male,178,27334
SCO,1993,54,Male,140,27413
SCO,1993,55,Male,116,27372
SCO,1993,56,Male,98,26609
SCO,1993,57,Male,94,26363
SCO,1993,58,Male,83,25776
SCO,1993,59,Male,77,25348
SCO,1993,60,Male,69,24780
SCO,1993,61,Male,54,25318
SCO,1993,62,Male,53,24998
SCO,1993,63,Male,41,24264
SCO,1993,64,Male,43,23800
SCO,1993,65,Male,32,22777
SCO,1993,66,Male,34,22463
SCO,1993,67,Male,21,22520
SCO,1993,68,Male,20,21152
SCO,1993,69,Male,14,20445
SCO,1993,70,Male,10,19142
SCO,1993,71,Male,7,19559
SCO,1993,72,Male,9,18653
SCO,1993,73,Male,11,18495
SCO,1993,74,Male,4,12096
SCO,1993,75,Male,2,11061
SCO,1993,76,Male,3,11157
SCO,1993,77,Male,3,10969
SCO,1993,78,Male,3,10890
SCO,1993,79,Male,0,9848
SCO,1993,80,Male,3,8984
SCO,1993,81,Male,0,7755
SCO,1993,82,Male,0,6746
SCO,1993,83,Male,0,5934
SCO,1993,84,Male,1,4920
SCO,1993,85,Male,0,4070
SCO,1993,86,Male,0,3186
SCO,1993,87,Male,0,2603
SCO,1993,88,Male,0,2028
SCO,1993,89,Male,0,1608
SCO,1993,90 & over,Male,0,3936
SCO,1994,16,Male,2424,29555
SCO,1994,17,Male,2649,29331
SCO,1994,18,Male,2976,31405
SCO,1994,19,Male,2798,32578
SCO,1994,20,Male,2804,33973
SCO,1994,21,Male,2617,36332
SCO,1994,22,Male,2502,37911
SCO,1994,23,Male,2306,39375
SCO,1994,24,Male,2138,38769
SCO,1994,25,Male,1956,39633
SCO,1994,26,Male,1933,39979
SCO,1994,27,Male,1790,41016
SCO,1994,28,Male,1540,39506
SCO,1994,29,Male,1507,41123
SCO,1994,30,Male,1399,40524
SCO,1994,31,Male,1300,40025
SCO,1994,32,Male,1155,39974
SCO,1994,33,Male,1059,39509
SCO,1994,34,Male,951,38911
SCO,1994,35,Male,835,37883
SCO,1994,36,Male,761,36597
SCO,1994,37,Male,724,35821
SCO,1994,38,Male,652,35498
SCO,1994,39,Male,585,33837
SCO,1994,40,Male,525,33964
SCO,1994,41,Male,483,33284
SCO,1994,42,Male,445,31994
SCO,1994,43,Male,419,33171
SCO,1994,44,Male,420,33685
SCO,1994,45,Male,421,34759
SCO,1994,46,Male,349,36251
SCO,1994,47,Male,336,39452
SCO,1994,48,Male,266,30627
SCO,1994,49,Male,251,29270
SCO,1994,50,Male,242,30352
SCO,1994,51,Male,208,29538
SCO,1994,52,Male,156,27654
SCO,1994,53,Male,159,26134
SCO,1994,54,Male,154,27208
SCO,1994,55,Male,138,27236
SCO,1994,56,Male,124,27155
SCO,1994,57,Male,104,26356
SCO,1994,58,Male,99,26114
SCO,1994,59,Male,68,25498
SCO,1994,60,Male,72,25010
SCO,1994,61,Male,66,24432
SCO,1994,62,Male,52,24861
SCO,1994,63,Male,34,24477
SCO,1994,64,Male,42,23682
SCO,1994,65,Male,30,23204
SCO,1994,66,Male,29,22055
SCO,1994,67,Male,27,21708
SCO,1994,68,Male,15,21682
SCO,1994,69,Male,13,20282
SCO,1994,70,Male,12,19598
SCO,1994,71,Male,9,18247
SCO,1994,72,Male,11,18549
SCO,1994,73,Male,10,17669
SCO,1994,74,Male,13,17391
SCO,1994,75,Male,2,11250
SCO,1994,76,Male,0,10278
SCO,1994,77,Male,1,10300
SCO,1994,78,Male,0,10038
SCO,1994,79,Male,0,9870
SCO,1994,80,Male,1,8836
SCO,1994,81,Male,2,8043
SCO,1994,82,Male,0,6799
SCO,1994,83,Male,1,5863
SCO,1994,84,Male,0,5045
SCO,1994,85,Male,0,4204
SCO,1994,86,Male,0,3420
SCO,1994,87,Male,0,2612
SCO,1994,88,Male,0,2098
SCO,1994,89,Male,0,1613
SCO,1994,90 & over,Male,0,4122
SCO,1995,16,Male,2610,32058
SCO,1995,17,Male,2816,29270
SCO,1995,18,Male,2767,29096
SCO,1995,19,Male,2848,32311
SCO,1995,20,Male,2646,32835
SCO,1995,21,Male,2632,33878
SCO,1995,22,Male,2435,35850
SCO,1995,23,Male,2298,37189
SCO,1995,24,Male,2118,38549
SCO,1995,25,Male,2014,38128
SCO,1995,26,Male,1859,39128
SCO,1995,27,Male,1800,39682
SCO,1995,28,Male,1604,40715
SCO,1995,29,Male,1490,39201
SCO,1995,30,Male,1436,40851
SCO,1995,31,Male,1297,40309
SCO,1995,32,Male,1151,39784
SCO,1995,33,Male,1106,39852
SCO,1995,34,Male,1041,39214
SCO,1995,35,Male,952,38707
SCO,1995,36,Male,807,37790
SCO,1995,37,Male,775,36577
SCO,1995,38,Male,713,35816
SCO,1995,39,Male,610,35455
SCO,1995,40,Male,574,33922
SCO,1995,41,Male,461,33912
SCO,1995,42,Male,445,33248
SCO,1995,43,Male,397,32034
SCO,1995,44,Male,398,33171
SCO,1995,45,Male,367,33606
SCO,1995,46,Male,349,34767
SCO,1995,47,Male,336,36182
SCO,1995,48,Male,319,39354
SCO,1995,49,Male,237,30548
SCO,1995,50,Male,204,29207
SCO,1995,51,Male,226,30257
SCO,1995,52,Male,210,29431
SCO,1995,53,Male,161,27497
SCO,1995,54,Male,164,25969
SCO,1995,55,Male,152,27055
SCO,1995,56,Male,134,26989
SCO,1995,57,Male,111,26900
SCO,1995,58,Male,108,26095
SCO,1995,59,Male,79,25847
SCO,1995,60,Male,63,25221
SCO,1995,61,Male,67,24623
SCO,1995,62,Male,52,24041
SCO,1995,63,Male,46,24368
SCO,1995,64,Male,41,23928
SCO,1995,65,Male,31,23117
SCO,1995,66,Male,35,22612
SCO,1995,67,Male,25,21327
SCO,1995,68,Male,25,20967
SCO,1995,69,Male,13,20932
SCO,1995,70,Male,10,19437
SCO,1995,71,Male,7,18768
SCO,1995,72,Male,11,17343
SCO,1995,73,Male,8,17522
SCO,1995,74,Male,1,16687
SCO,1995,75,Male,5,16355
SCO,1995,76,Male,3,10532
SCO,1995,77,Male,0,9452
SCO,1995,78,Male,0,9464
SCO,1995,79,Male,1,9197
SCO,1995,80,Male,1,8910
SCO,1995,81,Male,1,7957
SCO,1995,82,Male,1,7176
SCO,1995,83,Male,1,5961
SCO,1995,84,Male,1,5106
SCO,1995,85,Male,1,4306
SCO,1995,86,Male,0,3565
SCO,1995,87,Male,1,2880
SCO,1995,88,Male,0,2146
SCO,1995,89,Male,0,1706
SCO,1995,90 & over,Male,1,4424
SCO,1996,16,Male,2631,32901
SCO,1996,17,Male,2999,31740
SCO,1996,18,Male,2824,28930
SCO,1996,19,Male,2659,29860
SCO,1996,20,Male,2515,32449
SCO,1996,21,Male,2388,32627
SCO,1996,22,Male,2212,33257
SCO,1996,23,Male,2116,34890
SCO,1996,24,Male,2061,36237
SCO,1996,25,Male,1873,37792
SCO,1996,26,Male,1811,37415
SCO,1996,27,Male,1688,38638
SCO,1996,28,Male,1600,39185
SCO,1996,29,Male,1454,40246
SCO,1996,30,Male,1339,38835
SCO,1996,31,Male,1272,40512
SCO,1996,32,Male,1215,39971
SCO,1996,33,Male,1121,39624
SCO,1996,34,Male,988,39572
SCO,1996,35,Male,919,39019
SCO,1996,36,Male,838,38427
SCO,1996,37,Male,743,37594
SCO,1996,38,Male,670,36447
SCO,1996,39,Male,653,35652
SCO,1996,40,Male,525,35318
SCO,1996,41,Male,525,33843
SCO,1996,42,Male,481,33818
SCO,1996,43,Male,450,33183
SCO,1996,44,Male,379,32000
SCO,1996,45,Male,377,33056
SCO,1996,46,Male,340,33522
SCO,1996,47,Male,308,34661
SCO,1996,48,Male,324,36049
SCO,1996,49,Male,277,39178
SCO,1996,50,Male,210,30411
SCO,1996,51,Male,152,29104
SCO,1996,52,Male,191,30096
SCO,1996,53,Male,163,29228
SCO,1996,54,Male,128,27352
SCO,1996,55,Male,118,25788
SCO,1996,56,Male,126,26788
SCO,1996,57,Male,92,26691
SCO,1996,58,Male,93,26638
SCO,1996,59,Male,73,25767
SCO,1996,60,Male,67,25518
SCO,1996,61,Male,47,24886
SCO,1996,62,Male,55,24186
SCO,1996,63,Male,57,23553
SCO,1996,64,Male,37,23845
SCO,1996,65,Male,21,23337
SCO,1996,66,Male,24,22465
SCO,1996,67,Male,20,21918
SCO,1996,68,Male,18,20614
SCO,1996,69,Male,16,20118
SCO,1996,70,Male,13,20036
SCO,1996,71,Male,9,18540
SCO,1996,72,Male,8,17821
SCO,1996,73,Male,4,16414
SCO,1996,74,Male,10,16515
SCO,1996,75,Male,1,15684
SCO,1996,76,Male,4,15264
SCO,1996,77,Male,2,9742
SCO,1996,78,Male,0,8674
SCO,1996,79,Male,2,8595
SCO,1996,80,Male,0,8281
SCO,1996,81,Male,0,7978
SCO,1996,82,Male,0,7056
SCO,1996,83,Male,1,6254
SCO,1996,84,Male,0,5172
SCO,1996,85,Male,0,4374
SCO,1996,86,Male,0,3666
SCO,1996,87,Male,0,2947
SCO,1996,88,Male,1,2381
SCO,1996,89,Male,0,1682
SCO,1996,90 & over,Male,1,4625
SCO,1997,16,Male,2458,33644
SCO,1997,17,Male,2803,32577
SCO,1997,18,Male,2812,31400
SCO,1997,19,Male,2516,29713
SCO,1997,20,Male,2284,29963
SCO,1997,21,Male,2244,32152
SCO,1997,22,Male,2154,31926
SCO,1997,23,Male,1956,32166
SCO,1997,24,Male,1914,33917
SCO,1997,25,Male,1819,35387
SCO,1997,26,Male,1734,37073
SCO,1997,27,Male,1641,36751
SCO,1997,28,Male,1556,38170
SCO,1997,29,Male,1531,38749
SCO,1997,30,Male,1449,39853
SCO,1997,31,Male,1315,38508
SCO,1997,32,Male,1212,40227
SCO,1997,33,Male,1144,39687
SCO,1997,34,Male,1013,39435
SCO,1997,35,Male,976,39408
SCO,1997,36,Male,907,38815
SCO,1997,37,Male,803,38177
SCO,1997,38,Male,695,37418
SCO,1997,39,Male,664,36380
SCO,1997,40,Male,575,35605
SCO,1997,41,Male,549,35254
SCO,1997,42,Male,472,33775
SCO,1997,43,Male,369,33768
SCO,1997,44,Male,389,33163
SCO,1997,45,Male,336,31969
SCO,1997,46,Male,343,32941
SCO,1997,47,Male,295,33390
SCO,1997,48,Male,290,34585
SCO,1997,49,Male,253,35909
SCO,1997,50,Male,246,39050
SCO,1997,51,Male,183,30328
SCO,1997,52,Male,167,28954
SCO,1997,53,Male,143,29916
SCO,1997,54,Male,146,29046
SCO,1997,55,Male,121,27174
SCO,1997,56,Male,112,25557
SCO,1997,57,Male,119,26523
SCO,1997,58,Male,104,26416
SCO,1997,59,Male,80,26393
SCO,1997,60,Male,65,25441
SCO,1997,61,Male,60,25198
SCO,1997,62,Male,41,24531
SCO,1997,63,Male,45,23785
SCO,1997,64,Male,44,23038
SCO,1997,65,Male,26,23239
SCO,1997,66,Male,15,22726
SCO,1997,67,Male,25,21827
SCO,1997,68,Male,21,21224
SCO,1997,69,Male,15,19924
SCO,1997,70,Male,11,19298
SCO,1997,71,Male,11,19192
SCO,1997,72,Male,7,17673
SCO,1997,73,Male,5,16844
SCO,1997,74,Male,6,15463
SCO,1997,75,Male,6,15531
SCO,1997,76,Male,2,14636
SCO,1997,77,Male,2,14167
SCO,1997,78,Male,1,9032
SCO,1997,79,Male,1,7869
SCO,1997,80,Male,0,7800
SCO,1997,81,Male,0,7403
SCO,1997,82,Male,1,7075
SCO,1997,83,Male,0,6193
SCO,1997,84,Male,0,5437
SCO,1997,85,Male,2,4424
SCO,1997,86,Male,0,3681
SCO,1997,87,Male,0,3081
SCO,1997,88,Male,0,2455
SCO,1997,89,Male,0,1902
SCO,1997,90 & over,Male,6,4837
SCO,1998,16,Male,2263,31753
SCO,1998,17,Male,2690,33307
SCO,1998,18,Male,2642,32304
SCO,1998,19,Male,2468,32327
SCO,1998,20,Male,2155,29928
SCO,1998,21,Male,1974,29677
SCO,1998,22,Male,1844,31531
SCO,1998,23,Male,1792,31012
SCO,1998,24,Male,1733,31233
SCO,1998,25,Male,1593,33097
SCO,1998,26,Male,1532,34547
SCO,1998,27,Male,1497,36491
SCO,1998,28,Male,1481,36264
SCO,1998,29,Male,1325,37687
SCO,1998,30,Male,1327,38327
SCO,1998,31,Male,1221,39562
SCO,1998,32,Male,1109,38273
SCO,1998,33,Male,1039,39971
SCO,1998,34,Male,1016,39421
SCO,1998,35,Male,958,39307
SCO,1998,36,Male,825,39317
SCO,1998,37,Male,760,38580
SCO,1998,38,Male,689,37937
SCO,1998,39,Male,581,37300
SCO,1998,40,Male,592,36375
SCO,1998,41,Male,510,35613
SCO,1998,42,Male,419,35199
SCO,1998,43,Male,387,33708
SCO,1998,44,Male,356,33708
SCO,1998,45,Male,312,33095
SCO,1998,46,Male,299,31953
SCO,1998,47,Male,280,32872
SCO,1998,48,Male,261,33371
SCO,1998,49,Male,241,34519
SCO,1998,50,Male,206,35806
SCO,1998,51,Male,206,38899
SCO,1998,52,Male,149,30220
SCO,1998,53,Male,121,28836
SCO,1998,54,Male,114,29786
SCO,1998,55,Male,110,28919
SCO,1998,56,Male,111,26921
SCO,1998,57,Male,98,25370
SCO,1998,58,Male,89,26321
SCO,1998,59,Male,62,26174
SCO,1998,60,Male,56,26161
SCO,1998,61,Male,47,25105
SCO,1998,62,Male,36,24868
SCO,1998,63,Male,44,24111
SCO,1998,64,Male,50,23363
SCO,1998,65,Male,33,22595
SCO,1998,66,Male,26,22686
SCO,1998,67,Male,19,22133
SCO,1998,68,Male,21,21190
SCO,1998,69,Male,21,20510
SCO,1998,70,Male,8,19187
SCO,1998,71,Male,13,18517
SCO,1998,72,Male,5,18298
SCO,1998,73,Male,5,16839
SCO,1998,74,Male,8,15936
SCO,1998,75,Male,3,14511
SCO,1998,76,Male,2,14495
SCO,1998,77,Male,1,13590
SCO,1998,78,Male,1,13096
SCO,1998,79,Male,2,8311
SCO,1998,80,Male,0,7179
SCO,1998,81,Male,1,7004
SCO,1998,82,Male,1,6584
SCO,1998,83,Male,0,6261
SCO,1998,84,Male,0,5458
SCO,1998,85,Male,1,4703
SCO,1998,86,Male,1,3815
SCO,1998,87,Male,1,3102
SCO,1998,88,Male,0,2549
SCO,1998,89,Male,0,1997
SCO,1998,90 & over,Male,7,5201
SCO,1999,16,Male,2172,31223
SCO,1999,17,Male,2414,31359
SCO,1999,18,Male,2582,33084
SCO,1999,19,Male,2376,33340
SCO,1999,20,Male,2188,32620
SCO,1999,21,Male,1882,29861
SCO,1999,22,Male,1667,29219
SCO,1999,23,Male,1609,30713
SCO,1999,24,Male,1514,30113
SCO,1999,25,Male,1498,30516
SCO,1999,26,Male,1398,32434
SCO,1999,27,Male,1360,34058
SCO,1999,28,Male,1356,36085
SCO,1999,29,Male,1274,35866
SCO,1999,30,Male,1235,37366
SCO,1999,31,Male,1182,38068
SCO,1999,32,Male,1138,39363
SCO,1999,33,Male,983,38090
SCO,1999,34,Male,956,39774
SCO,1999,35,Male,890,39369
SCO,1999,36,Male,837,39222
SCO,1999,37,Male,741,39253
SCO,1999,38,Male,623,38471
SCO,1999,39,Male,628,37785
SCO,1999,40,Male,537,37209
SCO,1999,41,Male,527,36386
SCO,1999,42,Male,429,35579
SCO,1999,43,Male,381,35177
SCO,1999,44,Male,341,33728
SCO,1999,45,Male,310,33633
SCO,1999,46,Male,251,33032
SCO,1999,47,Male,249,31972
SCO,1999,48,Male,226,32814
SCO,1999,49,Male,213,33341
SCO,1999,50,Male,220,34452
SCO,1999,51,Male,199,35629
SCO,1999,52,Male,181,38724
SCO,1999,53,Male,119,30051
SCO,1999,54,Male,111,28706
SCO,1999,55,Male,101,29679
SCO,1999,56,Male,89,28655
SCO,1999,57,Male,77,26702
SCO,1999,58,Male,72,25148
SCO,1999,59,Male,68,26095
SCO,1999,60,Male,78,25911
SCO,1999,61,Male,46,25851
SCO,1999,62,Male,32,24731
SCO,1999,63,Male,36,24473
SCO,1999,64,Male,39,23724
SCO,1999,65,Male,24,22881
SCO,1999,66,Male,36,22048
SCO,1999,67,Male,19,22059
SCO,1999,68,Male,19,21432
SCO,1999,69,Male,13,20522
SCO,1999,70,Male,14,19765
SCO,1999,71,Male,6,18391
SCO,1999,72,Male,5,17665
SCO,1999,73,Male,7,17380
SCO,1999,74,Male,7,15939
SCO,1999,75,Male,0,15018
SCO,1999,76,Male,4,13526
SCO,1999,77,Male,1,13510
SCO,1999,78,Male,1,12603
SCO,1999,79,Male,0,12046
SCO,1999,80,Male,0,7590
SCO,1999,81,Male,1,6457
SCO,1999,82,Male,2,6306
SCO,1999,83,Male,2,5771
SCO,1999,84,Male,0,5433
SCO,1999,85,Male,1,4670
SCO,1999,86,Male,0,3951
SCO,1999,87,Male,0,3178
SCO,1999,88,Male,0,2568
SCO,1999,89,Male,0,2112
SCO,1999,90 & over,Male,1,5524
SCO,2000,16,Male,1970,31446
SCO,2000,17,Male,2301,31020
SCO,2000,18,Male,2412,31210
SCO,2000,19,Male,2424,33888
SCO,2000,20,Male,2113,33788
SCO,2000,21,Male,1821,32554
SCO,2000,22,Male,1642,29510
SCO,2000,23,Male,1425,28394
SCO,2000,24,Male,1439,29734
SCO,2000,25,Male,1314,29327
SCO,2000,26,Male,1289,29822
SCO,2000,27,Male,1256,31970
SCO,2000,28,Male,1210,33555
SCO,2000,29,Male,1147,35650
SCO,2000,30,Male,1095,35482
SCO,2000,31,Male,1060,37070
SCO,2000,32,Male,994,37713
SCO,2000,33,Male,969,38992
SCO,2000,34,Male,852,37886
SCO,2000,35,Male,851,39611
SCO,2000,36,Male,812,39184
SCO,2000,37,Male,687,39098
SCO,2000,38,Male,692,39138
SCO,2000,39,Male,584,38296
SCO,2000,40,Male,534,37638
SCO,2000,41,Male,475,37030
SCO,2000,42,Male,428,36315
SCO,2000,43,Male,385,35528
SCO,2000,44,Male,337,35164
SCO,2000,45,Male,298,33701
SCO,2000,46,Male,230,33553
SCO,2000,47,Male,248,33004
SCO,2000,48,Male,196,31896
SCO,2000,49,Male,206,32735
SCO,2000,50,Male,156,33267
SCO,2000,51,Male,177,34357
SCO,2000,52,Male,160,35518
SCO,2000,53,Male,160,38512
SCO,2000,54,Male,120,29925
SCO,2000,55,Male,101,28594
SCO,2000,56,Male,92,29392
SCO,2000,57,Male,82,28445
SCO,2000,58,Male,75,26426
SCO,2000,59,Male,72,24915
SCO,2000,60,Male,60,25812
SCO,2000,61,Male,39,25581
SCO,2000,62,Male,39,25534
SCO,2000,63,Male,38,24342
SCO,2000,64,Male,27,24061
SCO,2000,65,Male,20,23323
SCO,2000,66,Male,30,22360
SCO,2000,67,Male,23,21538
SCO,2000,68,Male,18,21432
SCO,2000,69,Male,20,20755
SCO,2000,70,Male,8,19787
SCO,2000,71,Male,9,19029
SCO,2000,72,Male,5,17598
SCO,2000,73,Male,3,16814
SCO,2000,74,Male,2,16428
SCO,2000,75,Male,5,15033
SCO,2000,76,Male,0,14126
SCO,2000,77,Male,3,12594
SCO,2000,78,Male,1,12428
SCO,2000,79,Male,2,11650
SCO,2000,80,Male,2,11046
SCO,2000,81,Male,0,6870
SCO,2000,82,Male,0,5769
SCO,2000,83,Male,1,5588
SCO,2000,84,Male,0,5021
SCO,2000,85,Male,0,4726
SCO,2000,86,Male,0,4000
SCO,2000,87,Male,1,3316
SCO,2000,88,Male,0,2568
SCO,2000,89,Male,0,2086
SCO,2000,90 & over,Male,1,5944
SCO,2001,16,Male,2116,33268
SCO,2001,17,Male,2308,31514
SCO,2001,18,Male,2500,30950
SCO,2001,19,Male,2375,31984
SCO,2001,20,Male,2284,34395
SCO,2001,21,Male,1963,34058
SCO,2001,22,Male,1841,32430
SCO,2001,23,Male,1579,29015
SCO,2001,24,Male,1440,27811
SCO,2001,25,Male,1330,29307
SCO,2001,26,Male,1316,28969
SCO,2001,27,Male,1213,29749
SCO,2001,28,Male,1177,31758
SCO,2001,29,Male,1225,33338
SCO,2001,30,Male,1117,35438
SCO,2001,31,Male,1090,35372
SCO,2001,32,Male,1024,36882
SCO,2001,33,Male,1007,37511
SCO,2001,34,Male,893,38979
SCO,2001,35,Male,868,37826
SCO,2001,36,Male,792,39511
SCO,2001,37,Male,743,39122
SCO,2001,38,Male,726,39110
SCO,2001,39,Male,610,39121
SCO,2001,40,Male,613,38174
SCO,2001,41,Male,545,37491
SCO,2001,42,Male,447,36990
SCO,2001,43,Male,401,36308
SCO,2001,44,Male,352,35595
SCO,2001,45,Male,361,35049
SCO,2001,46,Male,295,33712
SCO,2001,47,Male,237,33537
SCO,2001,48,Male,252,33003
SCO,2001,49,Male,221,31924
SCO,2001,50,Male,188,32664
SCO,2001,51,Male,173,33168
SCO,2001,52,Male,187,34264
SCO,2001,53,Male,151,35413
SCO,2001,54,Male,155,38429
SCO,2001,55,Male,128,29821
SCO,2001,56,Male,87,28429
SCO,2001,57,Male,67,29258
SCO,2001,58,Male,73,28241
SCO,2001,59,Male,62,26230
SCO,2001,60,Male,70,24634
SCO,2001,61,Male,60,25596
SCO,2001,62,Male,49,25280
SCO,2001,63,Male,34,25136
SCO,2001,64,Male,30,23976
SCO,2001,65,Male,27,23651
SCO,2001,66,Male,29,22881
SCO,2001,67,Male,24,21881
SCO,2001,68,Male,17,21010
SCO,2001,69,Male,13,20832
SCO,2001,70,Male,16,20080
SCO,2001,71,Male,3,19104
SCO,2001,72,Male,8,18246
SCO,2001,73,Male,7,16801
SCO,2001,74,Male,6,16009
SCO,2001,75,Male,3,15621
SCO,2001,76,Male,6,14176
SCO,2001,77,Male,4,13250
SCO,2001,78,Male,2,11694
SCO,2001,79,Male,2,11453
SCO,2001,80,Male,1,10662
SCO,2001,81,Male,2,10060
SCO,2001,82,Male,2,6242
SCO,2001,83,Male,0,5104
SCO,2001,84,Male,1,4905
SCO,2001,85,Male,0,4334
SCO,2001,86,Male,0,4077
SCO,2001,87,Male,0,3381
SCO,2001,88,Male,0,2778
SCO,2001,89,Male,0,2111
SCO,2001,90 & over,Male,1,6367
SCO,2002,16,Male,2262,33204
SCO,2002,17,Male,2354,32872
SCO,2002,18,Male,2392,31093
SCO,2002,19,Male,2359,31522
SCO,2002,20,Male,2257,32389
SCO,2002,21,Male,2146,34407
SCO,2002,22,Male,1962,33998
SCO,2002,23,Male,1859,32056
SCO,2002,24,Male,1564,28731
SCO,2002,25,Male,1409,27889
SCO,2002,26,Male,1450,29243
SCO,2002,27,Male,1370,29063
SCO,2002,28,Male,1304,29782
SCO,2002,29,Male,1217,31702
SCO,2002,30,Male,1171,33322
SCO,2002,31,Male,1230,35345
SCO,2002,32,Male,1146,35299
SCO,2002,33,Male,1068,36749
SCO,2002,34,Male,1012,37253
SCO,2002,35,Male,962,38767
SCO,2002,36,Male,901,37754
SCO,2002,37,Male,900,39424
SCO,2002,38,Male,798,38998
SCO,2002,39,Male,747,39035
SCO,2002,40,Male,656,39230
SCO,2002,41,Male,579,38287
SCO,2002,42,Male,560,37531
SCO,2002,43,Male,448,37064
SCO,2002,44,Male,432,36280
SCO,2002,45,Male,351,35591
SCO,2002,46,Male,314,35008
SCO,2002,47,Male,286,33655
SCO,2002,48,Male,245,33540
SCO,2002,49,Male,230,32949
SCO,2002,50,Male,206,31866
SCO,2002,51,Male,197,32618
SCO,2002,52,Male,154,33063
SCO,2002,53,Male,169,34176
SCO,2002,54,Male,170,35257
SCO,2002,55,Male,150,38258
SCO,2002,56,Male,108,29629
SCO,2002,57,Male,103,28252
SCO,2002,58,Male,100,29062
SCO,2002,59,Male,69,27954
SCO,2002,60,Male,60,25977
SCO,2002,61,Male,51,24335
SCO,2002,62,Male,60,25226
SCO,2002,63,Male,44,24912
SCO,2002,64,Male,34,24696
SCO,2002,65,Male,31,23561
SCO,2002,66,Male,28,23137
SCO,2002,67,Male,23,22340
SCO,2002,68,Male,28,21335
SCO,2002,69,Male,22,20433
SCO,2002,70,Male,12,20189
SCO,2002,71,Male,10,19385
SCO,2002,72,Male,4,18367
SCO,2002,73,Male,4,17444
SCO,2002,74,Male,6,15945
SCO,2002,75,Male,2,15152
SCO,2002,76,Male,1,14726
SCO,2002,77,Male,4,13258
SCO,2002,78,Male,1,12361
SCO,2002,79,Male,1,10787
SCO,2002,80,Male,1,10496
SCO,2002,81,Male,1,10120
SCO,2002,82,Male,0,9245
SCO,2002,83,Male,0,5604
SCO,2002,84,Male,1,4679
SCO,2002,85,Male,0,4449
SCO,2002,86,Male,0,3810
SCO,2002,87,Male,0,3497
SCO,2002,88,Male,0,2834
SCO,2002,89,Male,0,2303
SCO,2002,90 & over,Male,1,5536
SCO,2003,16,Male,2216,32735
SCO,2003,17,Male,2485,32888
SCO,2003,18,Male,2452,32447
SCO,2003,19,Male,2227,31634
SCO,2003,20,Male,2088,31979
SCO,2003,21,Male,2083,32708
SCO,2003,22,Male,1884,34407
SCO,2003,23,Male,1801,33461
SCO,2003,24,Male,1653,31654
SCO,2003,25,Male,1457,28496
SCO,2003,26,Male,1297,27604
SCO,2003,27,Male,1291,29234
SCO,2003,28,Male,1216,29009
SCO,2003,29,Male,1208,29722
SCO,2003,30,Male,1170,31726
SCO,2003,31,Male,1132,33421
SCO,2003,32,Male,1177,35322
SCO,2003,33,Male,1109,35334
SCO,2003,34,Male,1039,36793
SCO,2003,35,Male,993,37379
SCO,2003,36,Male,927,38850
SCO,2003,37,Male,831,37892
SCO,2003,38,Male,776,39631
SCO,2003,39,Male,764,39144
SCO,2003,40,Male,742,39173
SCO,2003,41,Male,626,39259
SCO,2003,42,Male,564,38236
SCO,2003,43,Male,534,37532
SCO,2003,44,Male,466,37055
SCO,2003,45,Male,445,36251
SCO,2003,46,Male,349,35542
SCO,2003,47,Male,300,34981
SCO,2003,48,Male,244,33537
SCO,2003,49,Male,242,33412
SCO,2003,50,Male,227,32855
SCO,2003,51,Male,172,31743
SCO,2003,52,Male,196,32468
SCO,2003,53,Male,163,32921
SCO,2003,54,Male,130,34055
SCO,2003,55,Male,145,35117
SCO,2003,56,Male,119,38071
SCO,2003,57,Male,103,29491
SCO,2003,58,Male,64,28024
SCO,2003,59,Male,63,28868
SCO,2003,60,Male,57,27667
SCO,2003,61,Male,46,25671
SCO,2003,62,Male,44,24017
SCO,2003,63,Male,50,24825
SCO,2003,64,Male,38,24522
SCO,2003,65,Male,34,24246
SCO,2003,66,Male,28,23086
SCO,2003,67,Male,23,22604
SCO,2003,68,Male,22,21829
SCO,2003,69,Male,17,20714
SCO,2003,70,Male,11,19836
SCO,2003,71,Male,5,19549
SCO,2003,72,Male,3,18649
SCO,2003,73,Male,10,17594
SCO,2003,74,Male,5,16592
SCO,2003,75,Male,7,15066
SCO,2003,76,Male,2,14307
SCO,2003,77,Male,5,13774
SCO,2003,78,Male,2,12378
SCO,2003,79,Male,0,11454
SCO,2003,80,Male,0,9843
SCO,2003,81,Male,0,9515
SCO,2003,82,Male,2,9138
SCO,2003,83,Male,2,8238
SCO,2003,84,Male,0,4934
SCO,2003,85,Male,0,4048
SCO,2003,86,Male,0,3834
SCO,2003,87,Male,0,3216
SCO,2003,88,Male,0,2930
SCO,2003,89,Male,1,2312
SCO,2003,90 & over,Male,0,5838
SCO,2004,16,Male,2288,33269
SCO,2004,17,Male,2448,32435
SCO,2004,18,Male,2505,32613
SCO,2004,19,Male,2303,33102
SCO,2004,20,Male,2077,32073
SCO,2004,21,Male,1947,32334
SCO,2004,22,Male,1919,32703
SCO,2004,23,Male,1842,34013
SCO,2004,24,Male,1735,33185
SCO,2004,25,Male,1533,31379
SCO,2004,26,Male,1364,28277
SCO,2004,27,Male,1272,27603
SCO,2004,28,Male,1260,29152
SCO,2004,29,Male,1286,29108
SCO,2004,30,Male,1152,29849
SCO,2004,31,Male,1122,31819
SCO,2004,32,Male,1133,33669
SCO,2004,33,Male,1099,35412
SCO,2004,34,Male,1063,35376
SCO,2004,35,Male,1051,36961
SCO,2004,36,Male,1021,37595
SCO,2004,37,Male,905,38985
SCO,2004,38,Male,857,38129
SCO,2004,39,Male,783,39790
SCO,2004,40,Male,793,39326
SCO,2004,41,Male,673,39316
SCO,2004,42,Male,638,39349
SCO,2004,43,Male,565,38308
SCO,2004,44,Male,517,37545
SCO,2004,45,Male,459,37039
SCO,2004,46,Male,408,36190
SCO,2004,47,Male,338,35539
SCO,2004,48,Male,299,34986
SCO,2004,49,Male,259,33511
SCO,2004,50,Male,227,33379
SCO,2004,51,Male,200,32816
SCO,2004,52,Male,170,31692
SCO,2004,53,Male,175,32418
SCO,2004,54,Male,145,32864
SCO,2004,55,Male,139,33898
SCO,2004,56,Male,145,35018
SCO,2004,57,Male,140,37939
SCO,2004,58,Male,107,29313
SCO,2004,59,Male,80,27833
SCO,2004,60,Male,72,28663
SCO,2004,61,Male,58,27423
SCO,2004,62,Male,48,25412
SCO,2004,63,Male,29,23702
SCO,2004,64,Male,37,24477
SCO,2004,65,Male,33,24168
SCO,2004,66,Male,20,23810
SCO,2004,67,Male,25,22644
SCO,2004,68,Male,24,22083
SCO,2004,69,Male,18,21288
SCO,2004,70,Male,19,20081
SCO,2004,71,Male,10,19204
SCO,2004,72,Male,8,18845
SCO,2004,73,Male,13,17962
SCO,2004,74,Male,7,16774
SCO,2004,75,Male,3,15784
SCO,2004,76,Male,5,14261
SCO,2004,77,Male,1,13467
SCO,2004,78,Male,2,12842
SCO,2004,79,Male,4,11489
SCO,2004,80,Male,2,10556
SCO,2004,81,Male,1,8934
SCO,2004,82,Male,0,8566
SCO,2004,83,Male,0,8199
SCO,2004,84,Male,0,7299
SCO,2004,85,Male,1,4321
SCO,2004,86,Male,0,3494
SCO,2004,87,Male,0,3233
SCO,2004,88,Male,0,2727
SCO,2004,89,Male,0,2431
SCO,2004,90 & over,Male,0,6037
SCO,2005,16,Male,2363,32158
SCO,2005,17,Male,2632,33176
SCO,2005,18,Male,2594,32475
SCO,2005,19,Male,2507,33818
SCO,2005,20,Male,2196,33988
SCO,2005,21,Male,2067,32769
SCO,2005,22,Male,1900,32725
SCO,2005,23,Male,1879,32763
SCO,2005,24,Male,1779,33947
SCO,2005,25,Male,1554,33124
SCO,2005,26,Male,1490,31345
SCO,2005,27,Male,1306,28581
SCO,2005,28,Male,1203,27777
SCO,2005,29,Male,1247,29356
SCO,2005,30,Male,1193,29409
SCO,2005,31,Male,1113,30127
SCO,2005,32,Male,1091,32114
SCO,2005,33,Male,1134,33911
SCO,2005,34,Male,1140,35664
SCO,2005,35,Male,1072,35526
SCO,2005,36,Male,1005,37133
SCO,2005,37,Male,966,37811
SCO,2005,38,Male,891,39120
SCO,2005,39,Male,899,38441
SCO,2005,40,Male,826,40014
SCO,2005,41,Male,706,39521
SCO,2005,42,Male,667,39515
SCO,2005,43,Male,621,39432
SCO,2005,44,Male,549,38475
SCO,2005,45,Male,492,37569
SCO,2005,46,Male,442,37049
SCO,2005,47,Male,404,36245
SCO,2005,48,Male,335,35565
SCO,2005,49,Male,287,35003
SCO,2005,50,Male,238,33482
SCO,2005,51,Male,201,33344
SCO,2005,52,Male,212,32786
SCO,2005,53,Male,175,31638
SCO,2005,54,Male,158,32309
SCO,2005,55,Male,140,32788
SCO,2005,56,Male,144,33806
SCO,2005,57,Male,144,34912
SCO,2005,58,Male,115,37734
SCO,2005,59,Male,101,29115
SCO,2005,60,Male,55,27600
SCO,2005,61,Male,60,28418
SCO,2005,62,Male,39,27097
SCO,2005,63,Male,51,25055
SCO,2005,64,Male,30,23339
SCO,2005,65,Male,33,24097
SCO,2005,66,Male,42,23756
SCO,2005,67,Male,15,23297
SCO,2005,68,Male,31,22102
SCO,2005,69,Male,19,21546
SCO,2005,70,Male,17,20740
SCO,2005,71,Male,9,19448
SCO,2005,72,Male,5,18532
SCO,2005,73,Male,6,18155
SCO,2005,74,Male,5,17179
SCO,2005,75,Male,2,15951
SCO,2005,76,Male,5,14994
SCO,2005,77,Male,1,13404
SCO,2005,78,Male,4,12619
SCO,2005,79,Male,0,11896
SCO,2005,80,Male,1,10571
SCO,2005,81,Male,0,9661
SCO,2005,82,Male,1,8075
SCO,2005,83,Male,0,7710
SCO,2005,84,Male,1,7260
SCO,2005,85,Male,1,6437
SCO,2005,86,Male,1,3743
SCO,2005,87,Male,0,2994
SCO,2005,88,Male,0,2686
SCO,2005,89,Male,0,2239
SCO,2005,90 & over,Male,0,6408
SCO,2006,16,Male,2372,32205
SCO,2006,17,Male,2656,32348
SCO,2006,18,Male,2779,33483
SCO,2006,19,Male,2561,33916
SCO,2006,20,Male,2424,34624
SCO,2006,21,Male,2181,34481
SCO,2006,22,Male,2134,32629
SCO,2006,23,Male,1975,32804
SCO,2006,24,Male,1840,33009
SCO,2006,25,Male,1809,33948
SCO,2006,26,Male,1585,32933
SCO,2006,27,Male,1509,31526
SCO,2006,28,Male,1375,28690
SCO,2006,29,Male,1218,27972
SCO,2006,30,Male,1266,29603
SCO,2006,31,Male,1212,29653
SCO,2006,32,Male,1157,30444
SCO,2006,33,Male,1109,32272
SCO,2006,34,Male,1159,34177
SCO,2006,35,Male,1104,35903
SCO,2006,36,Male,1056,35701
SCO,2006,37,Male,1056,37328
SCO,2006,38,Male,955,38084
SCO,2006,39,Male,899,39369
SCO,2006,40,Male,835,38622
SCO,2006,41,Male,800,40206
SCO,2006,42,Male,779,39635
SCO,2006,43,Male,689,39696
SCO,2006,44,Male,590,39537
SCO,2006,45,Male,547,38498
SCO,2006,46,Male,460,37505
SCO,2006,47,Male,379,37056
SCO,2006,48,Male,392,36238
SCO,2006,49,Male,347,35607
SCO,2006,50,Male,294,34878
SCO,2006,51,Male,258,33401
SCO,2006,52,Male,196,33218
SCO,2006,53,Male,211,32688
SCO,2006,54,Male,164,31532
SCO,2006,55,Male,156,32183
SCO,2006,56,Male,158,32649
SCO,2006,57,Male,131,33624
SCO,2006,58,Male,125,34687
SCO,2006,59,Male,113,37504
SCO,2006,60,Male,72,28922
SCO,2006,61,Male,62,27344
SCO,2006,62,Male,58,28129
SCO,2006,63,Male,60,26748
SCO,2006,64,Male,41,24659
SCO,2006,65,Male,36,22965
SCO,2006,66,Male,33,23641
SCO,2006,67,Male,33,23311
SCO,2006,68,Male,18,22742
SCO,2006,69,Male,18,21558
SCO,2006,70,Male,17,20962
SCO,2006,71,Male,9,20109
SCO,2006,72,Male,11,18782
SCO,2006,73,Male,9,17858
SCO,2006,74,Male,6,17475
SCO,2006,75,Male,1,16387
SCO,2006,76,Male,2,15156
SCO,2006,77,Male,1,14115
SCO,2006,78,Male,1,12524
SCO,2006,79,Male,1,11805
SCO,2006,80,Male,0,11005
SCO,2006,81,Male,1,9713
SCO,2006,82,Male,1,8777
SCO,2006,83,Male,0,7250
SCO,2006,84,Male,1,6873
SCO,2006,85,Male,2,6420
SCO,2006,86,Male,0,5651
SCO,2006,87,Male,0,3199
SCO,2006,88,Male,0,2477
SCO,2006,89,Male,0,2229
SCO,2006,90 & over,Male,1,6616
SCO,2007,16,Male,2114,33039
SCO,2007,17,Male,2326,32877
SCO,2007,18,Male,2342,32913
SCO,2007,19,Male,2382,35111
SCO,2007,20,Male,2164,34631
SCO,2007,21,Male,2073,34279
SCO,2007,22,Male,1941,34147
SCO,2007,23,Male,1734,33060
SCO,2007,24,Male,1700,33074
SCO,2007,25,Male,1603,33460
SCO,2007,26,Male,1532,34110
SCO,2007,27,Male,1447,33309
SCO,2007,28,Male,1303,31853
SCO,2007,29,Male,1190,29076
SCO,2007,30,Male,1103,28516
SCO,2007,31,Male,1091,30128
SCO,2007,32,Male,1082,30109
SCO,2007,33,Male,972,30881
SCO,2007,34,Male,1003,32728
SCO,2007,35,Male,945,34555
SCO,2007,36,Male,935,36299
SCO,2007,37,Male,901,35931
SCO,2007,38,Male,911,37613
SCO,2007,39,Male,864,38428
SCO,2007,40,Male,808,39599
SCO,2007,41,Male,729,38795
SCO,2007,42,Male,711,40444
SCO,2007,43,Male,626,39802
SCO,2007,44,Male,590,39808
SCO,2007,45,Male,538,39684
SCO,2007,46,Male,450,38539
SCO,2007,47,Male,384,37545
SCO,2007,48,Male,363,37151
SCO,2007,49,Male,360,36285
SCO,2007,50,Male,300,35624
SCO,2007,51,Male,243,34878
SCO,2007,52,Male,224,33401
SCO,2007,53,Male,183,33164
SCO,2007,54,Male,162,32577
SCO,2007,55,Male,117,31434
SCO,2007,56,Male,137,32092
SCO,2007,57,Male,118,32495
SCO,2007,58,Male,117,33458
SCO,2007,59,Male,91,34483
SCO,2007,60,Male,114,37278
SCO,2007,61,Male,56,28743
SCO,2007,62,Male,72,27007
SCO,2007,63,Male,48,27752
SCO,2007,64,Male,44,26444
SCO,2007,65,Male,34,24331
SCO,2007,66,Male,30,22551
SCO,2007,67,Male,23,23205
SCO,2007,68,Male,17,22865
SCO,2007,69,Male,16,22258
SCO,2007,70,Male,10,21005
SCO,2007,71,Male,11,20329
SCO,2007,72,Male,9,19487
SCO,2007,73,Male,11,18144
SCO,2007,74,Male,5,17208
SCO,2007,75,Male,4,16729
SCO,2007,76,Male,2,15628
SCO,2007,77,Male,2,14289
SCO,2007,78,Male,2,13302
SCO,2007,79,Male,4,11714
SCO,2007,80,Male,2,10938
SCO,2007,81,Male,0,10087
SCO,2007,82,Male,0,8876
SCO,2007,83,Male,1,7930
SCO,2007,84,Male,0,6510
SCO,2007,85,Male,0,6038
SCO,2007,86,Male,0,5596
SCO,2007,87,Male,1,4820
SCO,2007,88,Male,1,2707
SCO,2007,89,Male,0,2073
SCO,2007,90 & over,Male,0,6698
SCO,2008,16,Male,1659,33012
SCO,2008,17,Male,1853,32932
SCO,2008,18,Male,2008,33433
SCO,2008,19,Male,2038,34784
SCO,2008,20,Male,1974,36169
SCO,2008,21,Male,1872,34125
SCO,2008,22,Male,1784,34654
SCO,2008,23,Male,1558,34321
SCO,2008,24,Male,1488,33004
SCO,2008,25,Male,1517,33429
SCO,2008,26,Male,1503,33596
SCO,2008,27,Male,1397,34135
SCO,2008,28,Male,1334,33272
SCO,2008,29,Male,1278,32065
SCO,2008,30,Male,1178,29403
SCO,2008,31,Male,1052,28896
SCO,2008,32,Male,1034,30469
SCO,2008,33,Male,1050,30367
SCO,2008,34,Male,996,31229
SCO,2008,35,Male,930,33096
SCO,2008,36,Male,901,34939
SCO,2008,37,Male,975,36500
SCO,2008,38,Male,902,36220
SCO,2008,39,Male,830,37883
SCO,2008,40,Male,725,38626
SCO,2008,41,Male,744,39650
SCO,2008,42,Male,707,39037
SCO,2008,43,Male,630,40624
SCO,2008,44,Male,578,39914
SCO,2008,45,Male,537,39981
SCO,2008,46,Male,497,39682
SCO,2008,47,Male,430,38616
SCO,2008,48,Male,376,37582
SCO,2008,49,Male,325,37159
SCO,2008,50,Male,291,36270
SCO,2008,51,Male,257,35597
SCO,2008,52,Male,221,34763
SCO,2008,53,Male,210,33309
SCO,2008,54,Male,156,33065
SCO,2008,55,Male,155,32468
SCO,2008,56,Male,119,31318
SCO,2008,57,Male,115,31921
SCO,2008,58,Male,107,32237
SCO,2008,59,Male,108,33224
SCO,2008,60,Male,98,34222
SCO,2008,61,Male,96,37010
SCO,2008,62,Male,68,28481
SCO,2008,63,Male,45,26690
SCO,2008,64,Male,51,27380
SCO,2008,65,Male,46,26065
SCO,2008,66,Male,39,23918
SCO,2008,67,Male,31,22124
SCO,2008,68,Male,23,22748
SCO,2008,69,Male,15,22349
SCO,2008,70,Male,18,21718
SCO,2008,71,Male,19,20385
SCO,2008,72,Male,9,19676
SCO,2008,73,Male,14,18792
SCO,2008,74,Male,8,17470
SCO,2008,75,Male,3,16454
SCO,2008,76,Male,4,15944
SCO,2008,77,Male,2,14847
SCO,2008,78,Male,5,13422
SCO,2008,79,Male,1,12428
SCO,2008,80,Male,2,10943
SCO,2008,81,Male,1,10070
SCO,2008,82,Male,1,9206
SCO,2008,83,Male,1,7985
SCO,2008,84,Male,0,7114
SCO,2008,85,Male,0,5755
SCO,2008,86,Male,1,5267
SCO,2008,87,Male,0,4851
SCO,2008,88,Male,0,4094
SCO,2008,89,Male,0,2271
SCO,2008,90 & over,Male,0,6719
SCO,2009,16,Male,1462,32428
SCO,2009,17,Male,1748,34379
SCO,2009,18,Male,1938,34940
SCO,2009,19,Male,1946,34200
SCO,2009,20,Male,1865,34306
SCO,2009,21,Male,1945,35327
SCO,2009,22,Male,1798,34565
SCO,2009,23,Male,1698,34883
SCO,2009,24,Male,1556,34261
SCO,2009,25,Male,1550,33100
SCO,2009,26,Male,1475,33400
SCO,2009,27,Male,1461,33674
SCO,2009,28,Male,1377,34148
SCO,2009,29,Male,1269,33308
SCO,2009,30,Male,1225,32299
SCO,2009,31,Male,1093,29657
SCO,2009,32,Male,998,29053
SCO,2009,33,Male,1045,30641
SCO,2009,34,Male,1021,30623
SCO,2009,35,Male,941,31532
SCO,2009,36,Male,909,33418
SCO,2009,37,Male,889,35184
SCO,2009,38,Male,945,36690
SCO,2009,39,Male,865,36451
SCO,2009,40,Male,826,38019
SCO,2009,41,Male,749,38739
SCO,2009,42,Male,723,39695
SCO,2009,43,Male,675,39134
SCO,2009,44,Male,655,40702
SCO,2009,45,Male,547,39939
SCO,2009,46,Male,502,40036
SCO,2009,47,Male,479,39695
SCO,2009,48,Male,417,38602
SCO,2009,49,Male,376,37543
SCO,2009,50,Male,322,37132
SCO,2009,51,Male,296,36246
SCO,2009,52,Male,253,35551
SCO,2009,53,Male,216,34679
SCO,2009,54,Male,194,33175
SCO,2009,55,Male,164,32950
SCO,2009,56,Male,141,32336
SCO,2009,57,Male,125,31175
SCO,2009,58,Male,80,31686
SCO,2009,59,Male,100,32065
SCO,2009,60,Male,93,32961
SCO,2009,61,Male,81,33899
SCO,2009,62,Male,73,36658
SCO,2009,63,Male,64,28143
SCO,2009,64,Male,41,26298
SCO,2009,65,Male,47,27008
SCO,2009,66,Male,49,25596
SCO,2009,67,Male,29,23491
SCO,2009,68,Male,38,21684
SCO,2009,69,Male,19,22168
SCO,2009,70,Male,22,21725
SCO,2009,71,Male,20,21168
SCO,2009,72,Male,13,19770
SCO,2009,73,Male,11,19039
SCO,2009,74,Male,8,18099
SCO,2009,75,Male,7,16746
SCO,2009,76,Male,7,15714
SCO,2009,77,Male,5,15167
SCO,2009,78,Male,2,14043
SCO,2009,79,Male,1,12570
SCO,2009,80,Male,3,11590
SCO,2009,81,Male,2,10049
SCO,2009,82,Male,0,9272
SCO,2009,83,Male,0,8345
SCO,2009,84,Male,0,7186
SCO,2009,85,Male,1,6330
SCO,2009,86,Male,0,5036
SCO,2009,87,Male,0,4594
SCO,2009,88,Male,0,4153
SCO,2009,89,Male,0,3414
SCO,2009,90 & over,Male,0,6924
SCO,2010,16,Male,1023,32427
SCO,2010,17,Male,1336,32606
SCO,2010,18,Male,1626,35066
SCO,2010,19,Male,1654,36420
SCO,2010,20,Male,1591,35284
SCO,2010,21,Male,1473,35088
SCO,2010,22,Male,1595,35874
SCO,2010,23,Male,1461,34804
SCO,2010,24,Male,1386,34840
SCO,2010,25,Male,1289,34276
SCO,2010,26,Male,1210,33071
SCO,2010,27,Male,1136,33500
SCO,2010,28,Male,1154,33663
SCO,2010,29,Male,1156,33996
SCO,2010,30,Male,1054,33322
SCO,2010,31,Male,1023,32415
SCO,2010,32,Male,958,29709
SCO,2010,33,Male,858,29308
SCO,2010,34,Male,893,30933
SCO,2010,35,Male,796,30817
SCO,2010,36,Male,772,31774
SCO,2010,37,Male,722,33690
SCO,2010,38,Male,777,35483
SCO,2010,39,Male,745,36848
SCO,2010,40,Male,758,36570
SCO,2010,41,Male,671,38059
SCO,2010,42,Male,637,38787
SCO,2010,43,Male,571,39777
SCO,2010,44,Male,520,39211
SCO,2010,45,Male,518,40732
SCO,2010,46,Male,470,39948
SCO,2010,47,Male,402,40085
SCO,2010,48,Male,388,39718
SCO,2010,49,Male,320,38578
SCO,2010,50,Male,277,37477
SCO,2010,51,Male,250,37090
SCO,2010,52,Male,224,36161
SCO,2010,53,Male,199,35457
SCO,2010,54,Male,159,34536
SCO,2010,55,Male,148,32951
SCO,2010,56,Male,125,32788
SCO,2010,57,Male,104,32182
SCO,2010,58,Male,92,31006
SCO,2010,59,Male,74,31488
SCO,2010,60,Male,68,31858
SCO,2010,61,Male,53,32695
SCO,2010,62,Male,67,33610
SCO,2010,63,Male,54,36317
SCO,2010,64,Male,45,27796
SCO,2010,65,Male,33,25917
SCO,2010,66,Male,31,26588
SCO,2010,67,Male,29,25156
SCO,2010,68,Male,17,23024
SCO,2010,69,Male,27,21194
SCO,2010,70,Male,14,21646
SCO,2010,71,Male,21,21160
SCO,2010,72,Male,8,20553
SCO,2010,73,Male,7,19100
SCO,2010,74,Male,5,18375
SCO,2010,75,Male,7,17399
SCO,2010,76,Male,3,16054
SCO,2010,77,Male,6,14900
SCO,2010,78,Male,4,14350
SCO,2010,79,Male,3,13274
SCO,2010,80,Male,1,11684
SCO,2010,81,Male,2,10750
SCO,2010,82,Male,0,9237
SCO,2010,83,Male,1,8483
SCO,2010,84,Male,1,7501
SCO,2010,85,Male,0,6455
SCO,2010,86,Male,0,5558
SCO,2010,87,Male,0,4383
SCO,2010,88,Male,0,3977
SCO,2010,89,Male,0,3486
SCO,2010,90 & over,Male,0,8029
SCO,2011,16,Male,993,31917
SCO,2011,17,Male,1265,32818
SCO,2011,18,Male,1552,33467
SCO,2011,19,Male,1674,36402
SCO,2011,20,Male,1721,37785
SCO,2011,21,Male,1673,36354
SCO,2011,22,Male,1662,36117
SCO,2011,23,Male,1595,36710
SCO,2011,24,Male,1499,35129
SCO,2011,25,Male,1460,35166
SCO,2011,26,Male,1382,34410
SCO,2011,27,Male,1317,33302
SCO,2011,28,Male,1285,33649
SCO,2011,29,Male,1349,33865
SCO,2011,30,Male,1263,34091
SCO,2011,31,Male,1161,33372
SCO,2011,32,Male,1110,32617
SCO,2011,33,Male,986,29904
SCO,2011,34,Male,918,29660
SCO,2011,35,Male,924,31290
SCO,2011,36,Male,884,31209
SCO,2011,37,Male,853,32165
SCO,2011,38,Male,828,34009
SCO,2011,39,Male,818,35796
SCO,2011,40,Male,807,37075
SCO,2011,41,Male,744,36731
SCO,2011,42,Male,709,38207
SCO,2011,43,Male,666,38979
SCO,2011,44,Male,627,39881
SCO,2011,45,Male,531,39324
SCO,2011,46,Male,504,40854
SCO,2011,47,Male,456,40034
SCO,2011,48,Male,408,40211
SCO,2011,49,Male,380,39785
SCO,2011,50,Male,286,38604
SCO,2011,51,Male,271,37508
SCO,2011,52,Male,244,37006
SCO,2011,53,Male,204,36150
SCO,2011,54,Male,183,35429
SCO,2011,55,Male,169,34422
SCO,2011,56,Male,129,32817
SCO,2011,57,Male,129,32635
SCO,2011,58,Male,101,32019
SCO,2011,59,Male,85,30867
SCO,2011,60,Male,87,31303
SCO,2011,61,Male,66,31584
SCO,2011,62,Male,58,32416
SCO,2011,63,Male,59,33316
SCO,2011,64,Male,62,36009
SCO,2011,65,Male,38,27452
SCO,2011,66,Male,37,25535
SCO,2011,67,Male,31,26152
SCO,2011,68,Male,23,24717
SCO,2011,69,Male,20,22559
SCO,2011,70,Male,16,20669
SCO,2011,71,Male,18,21051
SCO,2011,72,Male,14,20558
SCO,2011,73,Male,6,19950
SCO,2011,74,Male,4,18436
SCO,2011,75,Male,5,17632
SCO,2011,76,Male,8,16697
SCO,2011,77,Male,3,15340
SCO,2011,78,Male,8,14169
SCO,2011,79,Male,3,13550
SCO,2011,80,Male,1,12446
SCO,2011,81,Male,2,10829
SCO,2011,82,Male,1,9906
SCO,2011,83,Male,0,8414
SCO,2011,84,Male,1,7587
SCO,2011,85,Male,0,6686
SCO,2011,86,Male,1,5694
SCO,2011,87,Male,1,4839
SCO,2011,88,Male,0,3771
SCO,2011,89,Male,0,3367
SCO,2011,90 & over,Male,0,9052
SCO,2012,16,Male,541,31819
SCO,2012,17,Male,780,32076
SCO,2012,18,Male,1035,33441
SCO,2012,19,Male,1189,34383
SCO,2012,20,Male,1244,37014
SCO,2012,21,Male,1309,38060
SCO,2012,22,Male,1254,36715
SCO,2012,23,Male,1275,36259
SCO,2012,24,Male,1228,36399
SCO,2012,25,Male,1202,34860
SCO,2012,26,Male,1120,34933
SCO,2012,27,Male,1127,34332
SCO,2012,28,Male,1067,33121
SCO,2012,29,Male,1050,33491
SCO,2012,30,Male,1059,33799
SCO,2012,31,Male,985,33969
SCO,2012,32,Male,948,33238
SCO,2012,33,Male,840,32504
SCO,2012,34,Male,817,29771
SCO,2012,35,Male,739,29586
SCO,2012,36,Male,748,31281
SCO,2012,37,Male,701,31193
SCO,2012,38,Male,675,32136
SCO,2012,39,Male,645,33962
SCO,2012,40,Male,652,35690
SCO,2012,41,Male,639,36929
SCO,2012,42,Male,585,36620
SCO,2012,43,Male,533,38099
SCO,2012,44,Male,500,38848
SCO,2012,45,Male,469,39713
SCO,2012,46,Male,415,39112
SCO,2012,47,Male,423,40747
SCO,2012,48,Male,351,39896
SCO,2012,49,Male,279,40072
SCO,2012,50,Male,272,39571
SCO,2012,51,Male,233,38538
SCO,2012,52,Male,209,37351
SCO,2012,53,Male,192,36861
SCO,2012,54,Male,154,35920
SCO,2012,55,Male,148,35202
SCO,2012,56,Male,106,34167
SCO,2012,57,Male,96,32631
SCO,2012,58,Male,72,32430
SCO,2012,59,Male,80,31768
SCO,2012,60,Male,68,30633
SCO,2012,61,Male,53,30973
SCO,2012,62,Male,43,31272
SCO,2012,63,Male,41,31999
SCO,2012,64,Male,38,32920
SCO,2012,65,Male,53,35527
SCO,2012,66,Male,26,27027
SCO,2012,67,Male,18,25055
SCO,2012,68,Male,27,25606
SCO,2012,69,Male,16,24119
SCO,2012,70,Male,13,21992
SCO,2012,71,Male,14,20129
SCO,2012,72,Male,12,20420
SCO,2012,73,Male,11,19849
SCO,2012,74,Male,10,19229
SCO,2012,75,Male,5,17677
SCO,2012,76,Male,3,16898
SCO,2012,77,Male,3,15887
SCO,2012,78,Male,5,14567
SCO,2012,79,Male,4,13378
SCO,2012,80,Male,1,12700
SCO,2012,81,Male,1,11589
SCO,2012,82,Male,0,9979
SCO,2012,83,Male,0,9049
SCO,2012,84,Male,0,7602
SCO,2012,85,Male,1,6734
SCO,2012,86,Male,0,5893
SCO,2012,87,Male,0,4939
SCO,2012,88,Male,0,4072
SCO,2012,89,Male,0,3200
SCO,2012,90 & over,Male,0,9839
SCO,1989,16,Female,400,34646
SCO,1989,17,Female,436,37500
SCO,1989,18,Female,434,39572
SCO,1989,19,Female,397,39780
SCO,1989,20,Female,433,40957
SCO,1989,21,Female,397,42133
SCO,1989,22,Female,428,41667
SCO,1989,23,Female,342,40922
SCO,1989,24,Female,343,42434
SCO,1989,25,Female,298,42089
SCO,1989,26,Female,307,41182
SCO,1989,27,Female,266,40424
SCO,1989,28,Female,258,40466
SCO,1989,29,Female,231,39216
SCO,1989,30,Female,199,38693
SCO,1989,31,Female,211,37801
SCO,1989,32,Female,189,36753
SCO,1989,33,Female,180,35663
SCO,1989,34,Female,176,34463
SCO,1989,35,Female,159,34266
SCO,1989,36,Female,144,33589
SCO,1989,37,Female,115,32720
SCO,1989,38,Female,108,33521
SCO,1989,39,Female,117,33756
SCO,1989,40,Female,105,35222
SCO,1989,41,Female,97,36689
SCO,1989,42,Female,89,40110
SCO,1989,43,Female,83,30924
SCO,1989,44,Female,77,29862
SCO,1989,45,Female,73,31061
SCO,1989,46,Female,74,30859
SCO,1989,47,Female,58,29284
SCO,1989,48,Female,49,28011
SCO,1989,49,Female,51,29206
SCO,1989,50,Female,31,29354
SCO,1989,51,Female,48,29253
SCO,1989,52,Female,40,29215
SCO,1989,53,Female,32,28953
SCO,1989,54,Female,26,28702
SCO,1989,55,Female,24,28175
SCO,1989,56,Female,23,28139
SCO,1989,57,Female,23,29309
SCO,1989,58,Female,17,29316
SCO,1989,59,Female,18,29317
SCO,1989,60,Female,10,28809
SCO,1989,61,Female,11,28207
SCO,1989,62,Female,10,28344
SCO,1989,63,Female,9,28749
SCO,1989,64,Female,7,27888
SCO,1989,65,Female,4,27737
SCO,1989,66,Female,2,27285
SCO,1989,67,Female,4,28506
SCO,1989,68,Female,2,28848
SCO,1989,69,Female,3,30140
SCO,1989,70,Female,2,21055
SCO,1989,71,Female,1,20058
SCO,1989,72,Female,0,20877
SCO,1989,73,Female,1,21896
SCO,1989,74,Female,1,22791
SCO,1989,75,Female,0,22223
SCO,1989,76,Female,0,20926
SCO,1989,77,Female,1,19580
SCO,1989,78,Female,0,18835
SCO,1989,79,Female,0,17995
SCO,1989,80,Female,0,16754
SCO,1989,81,Female,0,15442
SCO,1989,82,Female,0,13590
SCO,1989,83,Female,0,12722
SCO,1989,84,Female,0,11143
SCO,1989,85,Female,0,9864
SCO,1989,86,Female,0,8498
SCO,1989,87,Female,0,7148
SCO,1989,88,Female,0,6253
SCO,1989,89,Female,0,5115
SCO,1989,90 & over,Female,0,14233
SCO,1990,16,Female,384,32253
SCO,1990,17,Female,459,34531
SCO,1990,18,Female,434,37268
SCO,1990,19,Female,424,39760
SCO,1990,20,Female,391,40031
SCO,1990,21,Female,409,40946
SCO,1990,22,Female,438,41871
SCO,1990,23,Female,391,41276
SCO,1990,24,Female,350,40757
SCO,1990,25,Female,323,42421
SCO,1990,26,Female,303,42209
SCO,1990,27,Female,293,41297
SCO,1990,28,Female,281,40602
SCO,1990,29,Female,254,40665
SCO,1990,30,Female,223,39473
SCO,1990,31,Female,213,38823
SCO,1990,32,Female,193,37987
SCO,1990,33,Female,197,36944
SCO,1990,34,Female,190,35824
SCO,1990,35,Female,136,34626
SCO,1990,36,Female,137,34326
SCO,1990,37,Female,137,33693
SCO,1990,38,Female,119,32776
SCO,1990,39,Female,109,33579
SCO,1990,40,Female,116,33817
SCO,1990,41,Female,96,35247
SCO,1990,42,Female,74,36751
SCO,1990,43,Female,89,40081
SCO,1990,44,Female,51,30929
SCO,1990,45,Female,61,29836
SCO,1990,46,Female,61,31012
SCO,1990,47,Female,57,30818
SCO,1990,48,Female,43,29233
SCO,1990,49,Female,49,27969
SCO,1990,50,Female,38,29167
SCO,1990,51,Female,45,29302
SCO,1990,52,Female,34,29204
SCO,1990,53,Female,32,29121
SCO,1990,54,Female,39,28827
SCO,1990,55,Female,22,28576
SCO,1990,56,Female,18,28021
SCO,1990,57,Female,18,27942
SCO,1990,58,Female,17,29092
SCO,1990,59,Female,13,29088
SCO,1990,60,Female,16,29081
SCO,1990,61,Female,5,28558
SCO,1990,62,Female,4,27891
SCO,1990,63,Female,8,28045
SCO,1990,64,Female,9,28350
SCO,1990,65,Female,8,27468
SCO,1990,66,Female,3,27233
SCO,1990,67,Female,5,26833
SCO,1990,68,Female,2,27896
SCO,1990,69,Female,2,28196
SCO,1990,70,Female,2,29332
SCO,1990,71,Female,0,20499
SCO,1990,72,Female,0,19453
SCO,1990,73,Female,1,20106
SCO,1990,74,Female,0,21092
SCO,1990,75,Female,1,21833
SCO,1990,76,Female,0,21116
SCO,1990,77,Female,1,19863
SCO,1990,78,Female,1,18457
SCO,1990,79,Female,0,17698
SCO,1990,80,Female,0,16745
SCO,1990,81,Female,0,15489
SCO,1990,82,Female,0,14065
SCO,1990,83,Female,0,12313
SCO,1990,84,Female,0,11426
SCO,1990,85,Female,0,9842
SCO,1990,86,Female,0,8705
SCO,1990,87,Female,0,7365
SCO,1990,88,Female,0,6066
SCO,1990,89,Female,0,5285
SCO,1990,90 & over,Female,1,14881
SCO,1991,16,Female,406,31619
SCO,1991,17,Female,401,32141
SCO,1991,18,Female,465,34081
SCO,1991,19,Female,403,37231
SCO,1991,20,Female,409,39892
SCO,1991,21,Female,378,39902
SCO,1991,22,Female,369,40721
SCO,1991,23,Female,353,41551
SCO,1991,24,Female,386,41089
SCO,1991,25,Female,316,40733
SCO,1991,26,Female,304,42409
SCO,1991,27,Female,257,42233
SCO,1991,28,Female,294,41452
SCO,1991,29,Female,264,40643
SCO,1991,30,Female,227,40778
SCO,1991,31,Female,213,39612
SCO,1991,32,Female,204,38890
SCO,1991,33,Female,164,38057
SCO,1991,34,Female,163,36986
SCO,1991,35,Female,134,35816
SCO,1991,36,Female,144,34617
SCO,1991,37,Female,128,34374
SCO,1991,38,Female,128,33675
SCO,1991,39,Female,119,32763
SCO,1991,40,Female,98,33555
SCO,1991,41,Female,90,33814
SCO,1991,42,Female,87,35237
SCO,1991,43,Female,84,36753
SCO,1991,44,Female,65,40033
SCO,1991,45,Female,54,30904
SCO,1991,46,Female,40,29797
SCO,1991,47,Female,48,30988
SCO,1991,48,Female,40,30778
SCO,1991,49,Female,37,29149
SCO,1991,50,Female,41,27857
SCO,1991,51,Female,38,29060
SCO,1991,52,Female,31,29208
SCO,1991,53,Female,23,29093
SCO,1991,54,Female,25,28958
SCO,1991,55,Female,36,28685
SCO,1991,56,Female,16,28429
SCO,1991,57,Female,15,27874
SCO,1991,58,Female,10,27730
SCO,1991,59,Female,12,28849
SCO,1991,60,Female,8,28840
SCO,1991,61,Female,12,28802
SCO,1991,62,Female,2,28240
SCO,1991,63,Female,6,27540
SCO,1991,64,Female,4,27644
SCO,1991,65,Female,4,27917
SCO,1991,66,Female,2,27036
SCO,1991,67,Female,5,26712
SCO,1991,68,Female,0,26264
SCO,1991,69,Female,1,27234
SCO,1991,70,Female,3,27502
SCO,1991,71,Female,0,28560
SCO,1991,72,Female,1,19818
SCO,1991,73,Female,0,18777
SCO,1991,74,Female,0,19354
SCO,1991,75,Female,0,20323
SCO,1991,76,Female,1,20869
SCO,1991,77,Female,0,20101
SCO,1991,78,Female,0,18783
SCO,1991,79,Female,1,17347
SCO,1991,80,Female,0,16543
SCO,1991,81,Female,0,15569
SCO,1991,82,Female,0,14294
SCO,1991,83,Female,0,12809
SCO,1991,84,Female,0,11076
SCO,1991,85,Female,0,10222
SCO,1991,86,Female,0,8756
SCO,1991,87,Female,0,7623
SCO,1991,88,Female,0,6376
SCO,1991,89,Female,0,5178
SCO,1991,90 & over,Female,0,16130
SCO,1992,16,Female,423,30769
SCO,1992,17,Female,462,31510
SCO,1992,18,Female,415,31797
SCO,1992,19,Female,400,34925
SCO,1992,20,Female,400,37701
SCO,1992,21,Female,395,39815
SCO,1992,22,Female,371,39518
SCO,1992,23,Female,373,40239
SCO,1992,24,Female,338,41009
SCO,1992,25,Female,376,40916
SCO,1992,26,Female,328,40573
SCO,1992,27,Female,286,42278
SCO,1992,28,Female,298,42185
SCO,1992,29,Female,280,41465
SCO,1992,30,Female,265,40567
SCO,1992,31,Female,232,40706
SCO,1992,32,Female,223,39607
SCO,1992,33,Female,193,38895
SCO,1992,34,Female,202,38132
SCO,1992,35,Female,197,36993
SCO,1992,36,Female,158,35875
SCO,1992,37,Female,132,34666
SCO,1992,38,Female,132,34339
SCO,1992,39,Female,123,33694
SCO,1992,40,Female,71,32772
SCO,1992,41,Female,93,33559
SCO,1992,42,Female,106,33823
SCO,1992,43,Female,93,35244
SCO,1992,44,Female,60,36732
SCO,1992,45,Female,73,39958
SCO,1992,46,Female,52,30881
SCO,1992,47,Female,34,29769
SCO,1992,48,Female,36,30974
SCO,1992,49,Female,47,30709
SCO,1992,50,Female,34,29119
SCO,1992,51,Female,36,27793
SCO,1992,52,Female,31,28984
SCO,1992,53,Female,29,29133
SCO,1992,54,Female,25,28993
SCO,1992,55,Female,27,28859
SCO,1992,56,Female,22,28531
SCO,1992,57,Female,15,28295
SCO,1992,58,Female,13,27723
SCO,1992,59,Female,14,27547
SCO,1992,60,Female,10,28656
SCO,1992,61,Female,3,28573
SCO,1992,62,Female,6,28471
SCO,1992,63,Female,4,27888
SCO,1992,64,Female,7,27175
SCO,1992,65,Female,3,27195
SCO,1992,66,Female,2,27461
SCO,1992,67,Female,4,26504
SCO,1992,68,Female,3,26179
SCO,1992,69,Female,0,25654
SCO,1992,70,Female,3,26516
SCO,1992,71,Female,2,26713
SCO,1992,72,Female,0,27666
SCO,1992,73,Female,0,19159
SCO,1992,74,Female,2,18081
SCO,1992,75,Female,0,18517
SCO,1992,76,Female,0,19463
SCO,1992,77,Female,0,19857
SCO,1992,78,Female,0,19022
SCO,1992,79,Female,0,17697
SCO,1992,80,Female,0,16260
SCO,1992,81,Female,0,15391
SCO,1992,82,Female,1,14443
SCO,1992,83,Female,0,13101
SCO,1992,84,Female,0,11603
SCO,1992,85,Female,0,9949
SCO,1992,86,Female,0,9034
SCO,1992,87,Female,0,7703
SCO,1992,88,Female,0,6635
SCO,1992,89,Female,0,5460
SCO,1992,90 & over,Female,0,16975
SCO,1993,16,Female,276,28274
SCO,1993,17,Female,350,30681
SCO,1993,18,Female,340,31349
SCO,1993,19,Female,367,32951
SCO,1993,20,Female,390,35479
SCO,1993,21,Female,313,37910
SCO,1993,22,Female,359,39655
SCO,1993,23,Female,374,39116
SCO,1993,24,Female,319,39961
SCO,1993,25,Female,336,40832
SCO,1993,26,Female,333,40893
SCO,1993,27,Female,298,40700
SCO,1993,28,Female,283,42314
SCO,1993,29,Female,286,42229
SCO,1993,30,Female,268,41562
SCO,1993,31,Female,231,40673
SCO,1993,32,Female,221,40763
SCO,1993,33,Female,192,39678
SCO,1993,34,Female,203,39038
SCO,1993,35,Female,161,38242
SCO,1993,36,Female,145,37007
SCO,1993,37,Female,139,35917
SCO,1993,38,Female,128,34736
SCO,1993,39,Female,105,34403
SCO,1993,40,Female,100,33729
SCO,1993,41,Female,93,32777
SCO,1993,42,Female,91,33612
SCO,1993,43,Female,85,33857
SCO,1993,44,Female,82,35173
SCO,1993,45,Female,72,36718
SCO,1993,46,Female,60,39935
SCO,1993,47,Female,51,30835
SCO,1993,48,Female,30,29768
SCO,1993,49,Female,35,30952
SCO,1993,50,Female,34,30688
SCO,1993,51,Female,23,29093
SCO,1993,52,Female,27,27762
SCO,1993,53,Female,21,28902
SCO,1993,54,Female,23,29043
SCO,1993,55,Female,20,28894
SCO,1993,56,Female,15,28693
SCO,1993,57,Female,16,28451
SCO,1993,58,Female,9,28162
SCO,1993,59,Female,8,27561
SCO,1993,60,Female,12,27314
SCO,1993,61,Female,5,28422
SCO,1993,62,Female,3,28254
SCO,1993,63,Female,16,28136
SCO,1993,64,Female,3,27515
SCO,1993,65,Female,3,26775
SCO,1993,66,Female,2,26702
SCO,1993,67,Female,4,26967
SCO,1993,68,Female,2,25964
SCO,1993,69,Female,2,25646
SCO,1993,70,Female,0,24984
SCO,1993,71,Female,2,25795
SCO,1993,72,Female,0,25943
SCO,1993,73,Female,1,26749
SCO,1993,74,Female,1,18473
SCO,1993,75,Female,1,17321
SCO,1993,76,Female,0,17672
SCO,1993,77,Female,1,18490
SCO,1993,78,Female,0,18765
SCO,1993,79,Female,0,17954
SCO,1993,80,Female,0,16524
SCO,1993,81,Female,0,15091
SCO,1993,82,Female,0,14162
SCO,1993,83,Female,0,13213
SCO,1993,84,Female,0,11937
SCO,1993,85,Female,0,10471
SCO,1993,86,Female,0,8774
SCO,1993,87,Female,0,7891
SCO,1993,88,Female,0,6684
SCO,1993,89,Female,0,5669
SCO,1993,90 & over,Female,0,17782
SCO,1994,16,Female,319,28999
SCO,1994,17,Female,338,28277
SCO,1994,18,Female,364,30667
SCO,1994,19,Female,340,32655
SCO,1994,20,Female,382,33674
SCO,1994,21,Female,388,35707
SCO,1994,22,Female,338,37868
SCO,1994,23,Female,385,39268
SCO,1994,24,Female,351,38855
SCO,1994,25,Female,360,39929
SCO,1994,26,Female,304,40847
SCO,1994,27,Female,303,41073
SCO,1994,28,Female,302,40912
SCO,1994,29,Female,243,42401
SCO,1994,30,Female,257,42361
SCO,1994,31,Female,279,41747
SCO,1994,32,Female,230,40819
SCO,1994,33,Female,254,40878
SCO,1994,34,Female,212,39774
SCO,1994,35,Female,180,39122
SCO,1994,36,Female,163,38371
SCO,1994,37,Female,159,37104
SCO,1994,38,Female,125,36014
SCO,1994,39,Female,130,34824
SCO,1994,40,Female,128,34496
SCO,1994,41,Female,121,33747
SCO,1994,42,Female,96,32763
SCO,1994,43,Female,79,33623
SCO,1994,44,Female,98,33919
SCO,1994,45,Female,64,35173
SCO,1994,46,Female,58,36682
SCO,1994,47,Female,66,39944
SCO,1994,48,Female,49,30806
SCO,1994,49,Female,50,29799
SCO,1994,50,Female,41,30934
SCO,1994,51,Female,39,30684
SCO,1994,52,Female,38,29025
SCO,1994,53,Female,30,27666
SCO,1994,54,Female,24,28808
SCO,1994,55,Female,9,28947
SCO,1994,56,Female,27,28749
SCO,1994,57,Female,14,28544
SCO,1994,58,Female,22,28315
SCO,1994,59,Female,16,27991
SCO,1994,60,Female,8,27375
SCO,1994,61,Female,8,27151
SCO,1994,62,Female,4,28164
SCO,1994,63,Female,4,27944
SCO,1994,64,Female,6,27791
SCO,1994,65,Female,3,27148
SCO,1994,66,Female,1,26312
SCO,1994,67,Female,2,26191
SCO,1994,68,Female,2,26402
SCO,1994,69,Female,1,25400
SCO,1994,70,Female,1,24986
SCO,1994,71,Female,2,24271
SCO,1994,72,Female,2,25017
SCO,1994,73,Female,1,25147
SCO,1994,74,Female,1,25785
SCO,1994,75,Female,0,17765
SCO,1994,76,Female,1,16538
SCO,1994,77,Female,0,16795
SCO,1994,78,Female,0,17517
SCO,1994,79,Female,0,17644
SCO,1994,80,Female,0,16798
SCO,1994,81,Female,0,15295
SCO,1994,82,Female,0,13981
SCO,1994,83,Female,0,12957
SCO,1994,84,Female,0,11980
SCO,1994,85,Female,0,10796
SCO,1994,86,Female,0,9299
SCO,1994,87,Female,0,7633
SCO,1994,88,Female,0,6786
SCO,1994,89,Female,0,5713
SCO,1994,90 & over,Female,0,18360
SCO,1995,16,Female,423,30610
SCO,1995,17,Female,390,28873
SCO,1995,18,Female,370,28292
SCO,1995,19,Female,374,32138
SCO,1995,20,Female,320,33343
SCO,1995,21,Female,362,33764
SCO,1995,22,Female,373,35523
SCO,1995,23,Female,338,37414
SCO,1995,24,Female,362,38935
SCO,1995,25,Female,322,38649
SCO,1995,26,Female,355,39827
SCO,1995,27,Female,296,40828
SCO,1995,28,Female,331,41084
SCO,1995,29,Female,286,40982
SCO,1995,30,Female,282,42342
SCO,1995,31,Female,268,42423
SCO,1995,32,Female,271,41880
SCO,1995,33,Female,263,40847
SCO,1995,34,Female,214,40872
SCO,1995,35,Female,207,39737
SCO,1995,36,Female,185,39199
SCO,1995,37,Female,143,38382
SCO,1995,38,Female,160,37182
SCO,1995,39,Female,139,36050
SCO,1995,40,Female,105,34801
SCO,1995,41,Female,113,34494
SCO,1995,42,Female,89,33758
SCO,1995,43,Female,88,32757
SCO,1995,44,Female,81,33627
SCO,1995,45,Female,75,33912
SCO,1995,46,Female,63,35112
SCO,1995,47,Female,50,36588
SCO,1995,48,Female,63,39877
SCO,1995,49,Female,41,30786
SCO,1995,50,Female,38,29735
SCO,1995,51,Female,32,30858
SCO,1995,52,Female,36,30607
SCO,1995,53,Female,19,28930
SCO,1995,54,Female,14,27607
SCO,1995,55,Female,24,28704
SCO,1995,56,Female,19,28811
SCO,1995,57,Female,13,28572
SCO,1995,58,Female,13,28388
SCO,1995,59,Female,11,28176
SCO,1995,60,Female,10,27829
SCO,1995,61,Female,8,27163
SCO,1995,62,Female,6,26911
SCO,1995,63,Female,6,27880
SCO,1995,64,Female,4,27628
SCO,1995,65,Female,4,27361
SCO,1995,66,Female,4,26751
SCO,1995,67,Female,0,25802
SCO,1995,68,Female,2,25649
SCO,1995,69,Female,1,25825
SCO,1995,70,Female,2,24803
SCO,1995,71,Female,1,24328
SCO,1995,72,Female,0,23515
SCO,1995,73,Female,0,24235
SCO,1995,74,Female,0,24283
SCO,1995,75,Female,1,24777
SCO,1995,76,Female,0,17035
SCO,1995,77,Female,0,15741
SCO,1995,78,Female,0,15934
SCO,1995,79,Female,0,16527
SCO,1995,80,Female,0,16630
SCO,1995,81,Female,0,15686
SCO,1995,82,Female,0,14196
SCO,1995,83,Female,0,12883
SCO,1995,84,Female,0,11750
SCO,1995,85,Female,0,10842
SCO,1995,86,Female,0,9692
SCO,1995,87,Female,0,8224
SCO,1995,88,Female,0,6689
SCO,1995,89,Female,0,5877
SCO,1995,90 & over,Female,0,19147
SCO,1996,16,Female,419,32000
SCO,1996,17,Female,389,30527
SCO,1996,18,Female,320,28762
SCO,1996,19,Female,338,29533
SCO,1996,20,Female,376,32542
SCO,1996,21,Female,330,33278
SCO,1996,22,Female,344,33462
SCO,1996,23,Female,318,34857
SCO,1996,24,Female,298,36848
SCO,1996,25,Female,303,38611
SCO,1996,26,Female,291,38265
SCO,1996,27,Female,295,39525
SCO,1996,28,Female,281,40694
SCO,1996,29,Female,282,41053
SCO,1996,30,Female,271,40857
SCO,1996,31,Female,243,42220
SCO,1996,32,Female,222,42377
SCO,1996,33,Female,243,41850
SCO,1996,34,Female,205,40809
SCO,1996,35,Female,165,40763
SCO,1996,36,Female,158,39590
SCO,1996,37,Female,163,39097
SCO,1996,38,Female,151,38351
SCO,1996,39,Female,132,37192
SCO,1996,40,Female,122,36029
SCO,1996,41,Female,115,34745
SCO,1996,42,Female,84,34480
SCO,1996,43,Female,73,33690
SCO,1996,44,Female,72,32709
SCO,1996,45,Female,63,33557
SCO,1996,46,Female,73,33859
SCO,1996,47,Female,58,35056
SCO,1996,48,Female,47,36498
SCO,1996,49,Female,55,39737
SCO,1996,50,Female,33,30715
SCO,1996,51,Female,37,29670
SCO,1996,52,Female,29,30767
SCO,1996,53,Female,29,30505
SCO,1996,54,Female,16,28759
SCO,1996,55,Female,18,27541
SCO,1996,56,Female,23,28579
SCO,1996,57,Female,13,28649
SCO,1996,58,Female,10,28382
SCO,1996,59,Female,12,28176
SCO,1996,60,Female,7,27966
SCO,1996,61,Female,5,27619
SCO,1996,62,Female,4,26933
SCO,1996,63,Female,7,26640
SCO,1996,64,Female,6,27567
SCO,1996,65,Female,3,27225
SCO,1996,66,Female,7,26931
SCO,1996,67,Female,1,26278
SCO,1996,68,Female,2,25217
SCO,1996,69,Female,1,25101
SCO,1996,70,Female,0,25227
SCO,1996,71,Female,1,24080
SCO,1996,72,Female,2,23714
SCO,1996,73,Female,0,22791
SCO,1996,74,Female,0,23390
SCO,1996,75,Female,1,23332
SCO,1996,76,Female,0,23762
SCO,1996,77,Female,0,16275
SCO,1996,78,Female,1,14896
SCO,1996,79,Female,0,15009
SCO,1996,80,Female,0,15507
SCO,1996,81,Female,0,15487
SCO,1996,82,Female,0,14528
SCO,1996,83,Female,0,13022
SCO,1996,84,Female,0,11690
SCO,1996,85,Female,0,10573
SCO,1996,86,Female,0,9660
SCO,1996,87,Female,0,8576
SCO,1996,88,Female,0,7136
SCO,1996,89,Female,0,5725
SCO,1996,90 & over,Female,0,19731
SCO,1997,16,Female,380,32181
SCO,1997,17,Female,426,31930
SCO,1997,18,Female,424,30346
SCO,1997,19,Female,355,30077
SCO,1997,20,Female,350,29947
SCO,1997,21,Female,338,32290
SCO,1997,22,Female,320,32947
SCO,1997,23,Female,354,32498
SCO,1997,24,Female,322,34246
SCO,1997,25,Female,311,36520
SCO,1997,26,Female,314,38253
SCO,1997,27,Female,301,38064
SCO,1997,28,Female,307,39359
SCO,1997,29,Female,236,40664
SCO,1997,30,Female,274,40976
SCO,1997,31,Female,244,40792
SCO,1997,32,Female,247,42129
SCO,1997,33,Female,215,42308
SCO,1997,34,Female,240,41865
SCO,1997,35,Female,209,40781
SCO,1997,36,Female,157,40719
SCO,1997,37,Female,145,39490
SCO,1997,38,Female,138,39076
SCO,1997,39,Female,125,38298
SCO,1997,40,Female,107,37158
SCO,1997,41,Female,88,35961
SCO,1997,42,Female,113,34668
SCO,1997,43,Female,86,34423
SCO,1997,44,Female,79,33637
SCO,1997,45,Female,67,32674
SCO,1997,46,Female,61,33515
SCO,1997,47,Female,68,33812
SCO,1997,48,Female,48,34968
SCO,1997,49,Female,34,36384
SCO,1997,50,Female,37,39617
SCO,1997,51,Female,25,30617
SCO,1997,52,Female,32,29616
SCO,1997,53,Female,25,30667
SCO,1997,54,Female,28,30401
SCO,1997,55,Female,18,28619
SCO,1997,56,Female,15,27411
SCO,1997,57,Female,17,28426
SCO,1997,58,Female,11,28456
SCO,1997,59,Female,15,28237
SCO,1997,60,Female,7,27983
SCO,1997,61,Female,6,27713
SCO,1997,62,Female,4,27400
SCO,1997,63,Female,2,26645
SCO,1997,64,Female,0,26330
SCO,1997,65,Female,1,27203
SCO,1997,66,Female,2,26822
SCO,1997,67,Female,6,26478
SCO,1997,68,Female,2,25821
SCO,1997,69,Female,0,24645
SCO,1997,70,Female,0,24502
SCO,1997,71,Female,0,24604
SCO,1997,72,Female,2,23394
SCO,1997,73,Female,2,23042
SCO,1997,74,Female,1,22034
SCO,1997,75,Female,2,22491
SCO,1997,76,Female,1,22377
SCO,1997,77,Female,1,22768
SCO,1997,78,Female,2,15474
SCO,1997,79,Female,1,14061
SCO,1997,80,Female,0,14049
SCO,1997,81,Female,0,14465
SCO,1997,82,Female,0,14354
SCO,1997,83,Female,0,13349
SCO,1997,84,Female,0,11868
SCO,1997,85,Female,0,10560
SCO,1997,86,Female,0,9410
SCO,1997,87,Female,0,8534
SCO,1997,88,Female,0,7453
SCO,1997,89,Female,0,6165
SCO,1997,90 & over,Female,0,20170
SCO,1998,16,Female,366,31104
SCO,1998,17,Female,436,32045
SCO,1998,18,Female,382,31619
SCO,1998,19,Female,358,31745
SCO,1998,20,Female,336,30592
SCO,1998,21,Female,314,29911
SCO,1998,22,Female,315,31801
SCO,1998,23,Female,330,32005
SCO,1998,24,Female,299,31753
SCO,1998,25,Female,312,33791
SCO,1998,26,Female,278,36231
SCO,1998,27,Female,269,38034
SCO,1998,28,Female,250,37949
SCO,1998,29,Female,253,39240
SCO,1998,30,Female,281,40582
SCO,1998,31,Female,254,40931
SCO,1998,32,Female,219,40816
SCO,1998,33,Female,222,42126
SCO,1998,34,Female,203,42272
SCO,1998,35,Female,195,41873
SCO,1998,36,Female,155,40830
SCO,1998,37,Female,149,40661
SCO,1998,38,Female,143,39475
SCO,1998,39,Female,122,39037
SCO,1998,40,Female,102,38325
SCO,1998,41,Female,102,37138
SCO,1998,42,Female,97,35966
SCO,1998,43,Female,79,34647
SCO,1998,44,Female,66,34420
SCO,1998,45,Female,58,33607
SCO,1998,46,Female,59,32625
SCO,1998,47,Female,49,33468
SCO,1998,48,Female,43,33800
SCO,1998,49,Female,38,34888
SCO,1998,50,Female,35,36274
SCO,1998,51,Female,29,39523
SCO,1998,52,Female,19,30546
SCO,1998,53,Female,21,29594
SCO,1998,54,Female,18,30604
SCO,1998,55,Female,18,30300
SCO,1998,56,Female,12,28500
SCO,1998,57,Female,8,27296
SCO,1998,58,Female,11,28329
SCO,1998,59,Female,6,28310
SCO,1998,60,Female,12,28044
SCO,1998,61,Female,8,27751
SCO,1998,62,Female,2,27533
SCO,1998,63,Female,3,27155
SCO,1998,64,Female,7,26410
SCO,1998,65,Female,3,26004
SCO,1998,66,Female,0,26845
SCO,1998,67,Female,2,26413
SCO,1998,68,Female,4,26074
SCO,1998,69,Female,1,25315
SCO,1998,70,Female,0,24038
SCO,1998,71,Female,0,23845
SCO,1998,72,Female,0,23988
SCO,1998,73,Female,1,22743
SCO,1998,74,Female,1,22328
SCO,1998,75,Female,0,21206
SCO,1998,76,Female,0,21573
SCO,1998,77,Female,0,21422
SCO,1998,78,Female,1,21650
SCO,1998,79,Female,0,14649
SCO,1998,80,Female,0,13257
SCO,1998,81,Female,0,13132
SCO,1998,82,Female,0,13453
SCO,1998,83,Female,0,13265
SCO,1998,84,Female,0,12221
SCO,1998,85,Female,0,10770
SCO,1998,86,Female,0,9444
SCO,1998,87,Female,0,8330
SCO,1998,88,Female,0,7479
SCO,1998,89,Female,0,6502
SCO,1998,90 & over,Female,5,20886
SCO,1999,16,Female,332,30447
SCO,1999,17,Female,381,30957
SCO,1999,18,Female,375,31989
SCO,1999,19,Female,353,33260
SCO,1999,20,Female,343,32307
SCO,1999,21,Female,285,30631
SCO,1999,22,Female,267,29633
SCO,1999,23,Female,308,30965
SCO,1999,24,Female,279,31320
SCO,1999,25,Female,282,31389
SCO,1999,26,Female,288,33615
SCO,1999,27,Female,246,36174
SCO,1999,28,Female,239,37985
SCO,1999,29,Female,206,37906
SCO,1999,30,Female,231,39317
SCO,1999,31,Female,224,40619
SCO,1999,32,Female,218,40898
SCO,1999,33,Female,181,40868
SCO,1999,34,Female,183,42146
SCO,1999,35,Female,161,42221
SCO,1999,36,Female,161,41964
SCO,1999,37,Female,132,40860
SCO,1999,38,Female,140,40570
SCO,1999,39,Female,119,39371
SCO,1999,40,Female,112,39050
SCO,1999,41,Female,109,38297
SCO,1999,42,Female,82,37119
SCO,1999,43,Female,85,35916
SCO,1999,44,Female,62,34653
SCO,1999,45,Female,53,34379
SCO,1999,46,Female,46,33583
SCO,1999,47,Female,46,32581
SCO,1999,48,Female,45,33452
SCO,1999,49,Female,35,33779
SCO,1999,50,Female,29,34826
SCO,1999,51,Female,39,36164
SCO,1999,52,Female,25,39415
SCO,1999,53,Female,17,30508
SCO,1999,54,Female,15,29522
SCO,1999,55,Female,14,30497
SCO,1999,56,Female,9,30202
SCO,1999,57,Female,16,28385
SCO,1999,58,Female,14,27216
SCO,1999,59,Female,5,28192
SCO,1999,60,Female,3,28147
SCO,1999,61,Female,4,27830
SCO,1999,62,Female,4,27533
SCO,1999,63,Female,1,27272
SCO,1999,64,Female,0,26898
SCO,1999,65,Female,0,26106
SCO,1999,66,Female,5,25641
SCO,1999,67,Female,3,26473
SCO,1999,68,Female,3,25949
SCO,1999,69,Female,3,25598
SCO,1999,70,Female,1,24767
SCO,1999,71,Female,1,23416
SCO,1999,72,Female,0,23133
SCO,1999,73,Female,0,23262
SCO,1999,74,Female,1,21993
SCO,1999,75,Female,0,21547
SCO,1999,76,Female,0,20351
SCO,1999,77,Female,0,20670
SCO,1999,78,Female,0,20372
SCO,1999,79,Female,0,20521
SCO,1999,80,Female,0,13794
SCO,1999,81,Female,0,12350
SCO,1999,82,Female,0,12160
SCO,1999,83,Female,0,12398
SCO,1999,84,Female,0,12093
SCO,1999,85,Female,0,11075
SCO,1999,86,Female,0,9601
SCO,1999,87,Female,0,8294
SCO,1999,88,Female,0,7167
SCO,1999,89,Female,0,6425
SCO,1999,90 & over,Female,2,21571
SCO,2000,16,Female,314,30393
SCO,2000,17,Female,355,30378
SCO,2000,18,Female,361,30918
SCO,2000,19,Female,363,33319
SCO,2000,20,Female,332,33887
SCO,2000,21,Female,300,32352
SCO,2000,22,Female,297,30242
SCO,2000,23,Female,235,28822
SCO,2000,24,Female,284,30322
SCO,2000,25,Female,270,30983
SCO,2000,26,Female,254,31176
SCO,2000,27,Female,248,33483
SCO,2000,28,Female,223,36013
SCO,2000,29,Female,242,37993
SCO,2000,30,Female,218,37880
SCO,2000,31,Female,212,39326
SCO,2000,32,Female,203,40565
SCO,2000,33,Female,208,40886
SCO,2000,34,Female,182,40933
SCO,2000,35,Female,171,42080
SCO,2000,36,Female,183,42229
SCO,2000,37,Female,162,42018
SCO,2000,38,Female,161,40871
SCO,2000,39,Female,133,40533
SCO,2000,40,Female,113,39310
SCO,2000,41,Female,119,39031
SCO,2000,42,Female,103,38263
SCO,2000,43,Female,95,37125
SCO,2000,44,Female,65,35900
SCO,2000,45,Female,52,34615
SCO,2000,46,Female,60,34360
SCO,2000,47,Female,48,33556
SCO,2000,48,Female,45,32547
SCO,2000,49,Female,34,33389
SCO,2000,50,Female,28,33714
SCO,2000,51,Female,34,34744
SCO,2000,52,Female,29,36093
SCO,2000,53,Female,23,39316
SCO,2000,54,Female,18,30417
SCO,2000,55,Female,21,29434
SCO,2000,56,Female,14,30390
SCO,2000,57,Female,8,30078
SCO,2000,58,Female,13,28254
SCO,2000,59,Female,9,27065
SCO,2000,60,Female,5,28073
SCO,2000,61,Female,2,27949
SCO,2000,62,Female,1,27571
SCO,2000,63,Female,4,27251
SCO,2000,64,Female,2,27062
SCO,2000,65,Female,2,26613
SCO,2000,66,Female,3,25824
SCO,2000,67,Female,2,25291
SCO,2000,68,Female,1,26024
SCO,2000,69,Female,1,25478
SCO,2000,70,Female,3,25072
SCO,2000,71,Female,1,24179
SCO,2000,72,Female,0,22762
SCO,2000,73,Female,1,22410
SCO,2000,74,Female,1,22495
SCO,2000,75,Female,0,21238
SCO,2000,76,Female,1,20724
SCO,2000,77,Female,0,19434
SCO,2000,78,Female,0,19693
SCO,2000,79,Female,1,19257
SCO,2000,80,Female,0,19297
SCO,2000,81,Female,0,12885
SCO,2000,82,Female,0,11415
SCO,2000,83,Female,0,11189
SCO,2000,84,Female,0,11355
SCO,2000,85,Female,0,10926
SCO,2000,86,Female,0,9976
SCO,2000,87,Female,0,8445
SCO,2000,88,Female,0,7190
SCO,2000,89,Female,0,6132
SCO,2000,90 & over,Female,2,22352
SCO,2001,16,Female,362,32125
SCO,2001,17,Female,352,30324
SCO,2001,18,Female,367,30180
SCO,2001,19,Female,355,31883
SCO,2001,20,Female,357,33931
SCO,2001,21,Female,364,33983
SCO,2001,22,Female,343,32109
SCO,2001,23,Female,288,29512
SCO,2001,24,Female,263,28151
SCO,2001,25,Female,266,30133
SCO,2001,26,Female,234,30818
SCO,2001,27,Female,248,31180
SCO,2001,28,Female,238,33509
SCO,2001,29,Female,233,36124
SCO,2001,30,Female,245,38051
SCO,2001,31,Female,207,37895
SCO,2001,32,Female,222,39509
SCO,2001,33,Female,219,40615
SCO,2001,34,Female,189,40985
SCO,2001,35,Female,211,40997
SCO,2001,36,Female,204,42137
SCO,2001,37,Female,194,42356
SCO,2001,38,Female,168,42155
SCO,2001,39,Female,161,40897
SCO,2001,40,Female,161,40538
SCO,2001,41,Female,114,39238
SCO,2001,42,Female,99,39094
SCO,2001,43,Female,82,38296
SCO,2001,44,Female,68,37164
SCO,2001,45,Female,73,35887
SCO,2001,46,Female,60,34601
SCO,2001,47,Female,41,34366
SCO,2001,48,Female,44,33566
SCO,2001,49,Female,38,32563
SCO,2001,50,Female,33,33331
SCO,2001,51,Female,39,33670
SCO,2001,52,Female,31,34658
SCO,2001,53,Female,37,36024
SCO,2001,54,Female,24,39262
SCO,2001,55,Female,21,30356
SCO,2001,56,Female,19,29402
SCO,2001,57,Female,15,30316
SCO,2001,58,Female,13,29922
SCO,2001,59,Female,17,28163
SCO,2001,60,Female,10,26942
SCO,2001,61,Female,11,27873
SCO,2001,62,Female,4,27759
SCO,2001,63,Female,2,27352
SCO,2001,64,Female,4,27003
SCO,2001,65,Female,9,26785
SCO,2001,66,Female,1,26357
SCO,2001,67,Female,1,25535
SCO,2001,68,Female,1,24952
SCO,2001,69,Female,3,25580
SCO,2001,70,Female,0,25004
SCO,2001,71,Female,2,24546
SCO,2001,72,Female,1,23626
SCO,2001,73,Female,0,22103
SCO,2001,74,Female,0,21659
SCO,2001,75,Female,0,21741
SCO,2001,76,Female,0,20487
SCO,2001,77,Female,0,19951
SCO,2001,78,Female,0,18564
SCO,2001,79,Female,0,18679
SCO,2001,80,Female,0,18253
SCO,2001,81,Female,1,18129
SCO,2001,82,Female,0,12064
SCO,2001,83,Female,0,10490
SCO,2001,84,Female,0,10220
SCO,2001,85,Female,0,10262
SCO,2001,86,Female,0,9843
SCO,2001,87,Female,0,8960
SCO,2001,88,Female,0,7411
SCO,2001,89,Female,0,6252
SCO,2001,90 & over,Female,2,23018
SCO,2002,16,Female,367,31873
SCO,2002,17,Female,386,31877
SCO,2002,18,Female,363,30199
SCO,2002,19,Female,382,31312
SCO,2002,20,Female,397,32826
SCO,2002,21,Female,402,34386
SCO,2002,22,Female,341,33950
SCO,2002,23,Female,343,31417
SCO,2002,24,Female,296,29015
SCO,2002,25,Female,274,27941
SCO,2002,26,Female,319,30129
SCO,2002,27,Female,282,30842
SCO,2002,28,Female,256,31242
SCO,2002,29,Female,273,33537
SCO,2002,30,Female,273,36222
SCO,2002,31,Female,272,38128
SCO,2002,32,Female,227,38016
SCO,2002,33,Female,230,39630
SCO,2002,34,Female,247,40652
SCO,2002,35,Female,230,40984
SCO,2002,36,Female,211,41054
SCO,2002,37,Female,208,42174
SCO,2002,38,Female,201,42390
SCO,2002,39,Female,171,42128
SCO,2002,40,Female,155,40885
SCO,2002,41,Female,130,40501
SCO,2002,42,Female,121,39139
SCO,2002,43,Female,115,39029
SCO,2002,44,Female,97,38233
SCO,2002,45,Female,78,37144
SCO,2002,46,Female,77,35875
SCO,2002,47,Female,58,34616
SCO,2002,48,Female,49,34261
SCO,2002,49,Female,36,33552
SCO,2002,50,Female,51,32544
SCO,2002,51,Female,40,33335
SCO,2002,52,Female,37,33608
SCO,2002,53,Female,26,34591
SCO,2002,54,Female,28,35955
SCO,2002,55,Female,30,39211
SCO,2002,56,Female,27,30258
SCO,2002,57,Female,17,29285
SCO,2002,58,Female,10,30219
SCO,2002,59,Female,7,29819
SCO,2002,60,Female,10,27988
SCO,2002,61,Female,12,26754
SCO,2002,62,Female,7,27668
SCO,2002,63,Female,8,27499
SCO,2002,64,Female,3,27126
SCO,2002,65,Female,3,26739
SCO,2002,66,Female,6,26461
SCO,2002,67,Female,0,25948
SCO,2002,68,Female,2,25173
SCO,2002,69,Female,4,24472
SCO,2002,70,Female,0,25087
SCO,2002,71,Female,0,24493
SCO,2002,72,Female,1,23951
SCO,2002,73,Female,1,22960
SCO,2002,74,Female,0,21389
SCO,2002,75,Female,0,20922
SCO,2002,76,Female,0,20941
SCO,2002,77,Female,1,19601
SCO,2002,78,Female,1,18993
SCO,2002,79,Female,0,17645
SCO,2002,80,Female,0,17601
SCO,2002,81,Female,0,17882
SCO,2002,82,Female,0,17455
SCO,2002,83,Female,0,11310
SCO,2002,84,Female,0,9956
SCO,2002,85,Female,0,9576
SCO,2002,86,Female,0,9319
SCO,2002,87,Female,0,8647
SCO,2002,88,Female,0,7879
SCO,2002,89,Female,0,6287
SCO,2002,90 & over,Female,0,21171
SCO,2003,16,Female,375,31519
SCO,2003,17,Female,325,31648
SCO,2003,18,Female,356,31628
SCO,2003,19,Female,323,31222
SCO,2003,20,Female,337,32095
SCO,2003,21,Female,353,33529
SCO,2003,22,Female,356,34439
SCO,2003,23,Female,351,33263
SCO,2003,24,Female,307,30950
SCO,2003,25,Female,268,28797
SCO,2003,26,Female,278,27931
SCO,2003,27,Female,264,30155
SCO,2003,28,Female,244,30842
SCO,2003,29,Female,246,31402
SCO,2003,30,Female,287,33698
SCO,2003,31,Female,245,36288
SCO,2003,32,Female,239,38207
SCO,2003,33,Female,242,38102
SCO,2003,34,Female,223,39696
SCO,2003,35,Female,234,40655
SCO,2003,36,Female,210,41039
SCO,2003,37,Female,207,41104
SCO,2003,38,Female,194,42230
SCO,2003,39,Female,168,42420
SCO,2003,40,Female,170,42174
SCO,2003,41,Female,140,40916
SCO,2003,42,Female,124,40450
SCO,2003,43,Female,111,39084
SCO,2003,44,Female,99,39004
SCO,2003,45,Female,70,38178
SCO,2003,46,Female,71,37085
SCO,2003,47,Female,63,35867
SCO,2003,48,Female,55,34584
SCO,2003,49,Female,43,34195
SCO,2003,50,Female,46,33534
SCO,2003,51,Female,41,32549
SCO,2003,52,Female,39,33292
SCO,2003,53,Female,32,33550
SCO,2003,54,Female,34,34574
SCO,2003,55,Female,26,35890
SCO,2003,56,Female,18,39128
SCO,2003,57,Female,18,30158
SCO,2003,58,Female,22,29141
SCO,2003,59,Female,12,30105
SCO,2003,60,Female,12,29711
SCO,2003,61,Female,6,27835
SCO,2003,62,Female,8,26561
SCO,2003,63,Female,4,27430
SCO,2003,64,Female,6,27272
SCO,2003,65,Female,3,26866
SCO,2003,66,Female,6,26439
SCO,2003,67,Female,3,26134
SCO,2003,68,Female,2,25574
SCO,2003,69,Female,2,24728
SCO,2003,70,Female,1,24039
SCO,2003,71,Female,0,24574
SCO,2003,72,Female,1,23893
SCO,2003,73,Female,1,23263
SCO,2003,74,Female,0,22226
SCO,2003,75,Female,1,20687
SCO,2003,76,Female,0,20119
SCO,2003,77,Female,0,20086
SCO,2003,78,Female,0,18725
SCO,2003,79,Female,0,17983
SCO,2003,80,Female,0,16652
SCO,2003,81,Female,0,16490
SCO,2003,82,Female,0,16643
SCO,2003,83,Female,0,16121
SCO,2003,84,Female,0,10351
SCO,2003,85,Female,0,9003
SCO,2003,86,Female,0,8543
SCO,2003,87,Female,0,8235
SCO,2003,88,Female,0,7534
SCO,2003,89,Female,0,6761
SCO,2003,90 & over,Female,0,21311
SCO,2004,16,Female,342,31782
SCO,2004,17,Female,388,31413
SCO,2004,18,Female,352,31611
SCO,2004,19,Female,345,33222
SCO,2004,20,Female,335,32195
SCO,2004,21,Female,350,32901
SCO,2004,22,Female,360,33762
SCO,2004,23,Female,348,34026
SCO,2004,24,Female,344,32933
SCO,2004,25,Female,330,30933
SCO,2004,26,Female,290,28973
SCO,2004,27,Female,251,28180
SCO,2004,28,Female,276,30319
SCO,2004,29,Female,273,31122
SCO,2004,30,Female,256,31579
SCO,2004,31,Female,273,33856
SCO,2004,32,Female,266,36547
SCO,2004,33,Female,266,38498
SCO,2004,34,Female,243,38296
SCO,2004,35,Female,231,39830
SCO,2004,36,Female,216,40799
SCO,2004,37,Female,218,41155
SCO,2004,38,Female,210,41211
SCO,2004,39,Female,206,42362
SCO,2004,40,Female,163,42496
SCO,2004,41,Female,157,42262
SCO,2004,42,Female,127,40966
SCO,2004,43,Female,125,40477
SCO,2004,44,Female,116,39069
SCO,2004,45,Female,96,39044
SCO,2004,46,Female,92,38140
SCO,2004,47,Female,70,37144
SCO,2004,48,Female,76,35891
SCO,2004,49,Female,49,34601
SCO,2004,50,Female,40,34236
SCO,2004,51,Female,25,33625
SCO,2004,52,Female,36,32534
SCO,2004,53,Female,43,33280
SCO,2004,54,Female,28,33544
SCO,2004,55,Female,22,34622
SCO,2004,56,Female,24,35893
SCO,2004,57,Female,15,39127
SCO,2004,58,Female,16,30068
SCO,2004,59,Female,13,29085
SCO,2004,60,Female,7,29948
SCO,2004,61,Female,8,29653
SCO,2004,62,Female,3,27719
SCO,2004,63,Female,7,26386
SCO,2004,64,Female,7,27225
SCO,2004,65,Female,1,27027
SCO,2004,66,Female,4,26574
SCO,2004,67,Female,3,26152
SCO,2004,68,Female,2,25741
SCO,2004,69,Female,1,25181
SCO,2004,70,Female,0,24321
SCO,2004,71,Female,2,23495
SCO,2004,72,Female,0,23983
SCO,2004,73,Female,2,23236
SCO,2004,74,Female,0,22591
SCO,2004,75,Female,0,21532
SCO,2004,76,Female,0,19893
SCO,2004,77,Female,0,19340
SCO,2004,78,Female,1,19140
SCO,2004,79,Female,0,17747
SCO,2004,80,Female,0,17034
SCO,2004,81,Female,0,15632
SCO,2004,82,Female,0,15391
SCO,2004,83,Female,0,15395
SCO,2004,84,Female,0,14768
SCO,2004,85,Female,0,9435
SCO,2004,86,Female,0,8084
SCO,2004,87,Female,0,7563
SCO,2004,88,Female,0,7162
SCO,2004,89,Female,0,6540
SCO,2004,90 & over,Female,1,21771
SCO,2005,16,Female,391,30968
SCO,2005,17,Female,442,31885
SCO,2005,18,Female,363,31674
SCO,2005,19,Female,379,33611
SCO,2005,20,Female,326,34428
SCO,2005,21,Female,299,33374
SCO,2005,22,Female,342,33633
SCO,2005,23,Female,372,33984
SCO,2005,24,Female,324,34057
SCO,2005,25,Female,313,33189
SCO,2005,26,Female,310,31158
SCO,2005,27,Female,262,29272
SCO,2005,28,Female,248,28416
SCO,2005,29,Female,237,30590
SCO,2005,30,Female,242,31381
SCO,2005,31,Female,232,31771
SCO,2005,32,Female,251,34109
SCO,2005,33,Female,237,36806
SCO,2005,34,Female,233,38782
SCO,2005,35,Female,206,38407
SCO,2005,36,Female,215,39974
SCO,2005,37,Female,235,41032
SCO,2005,38,Female,201,41242
SCO,2005,39,Female,188,41347
SCO,2005,40,Female,205,42499
SCO,2005,41,Female,176,42639
SCO,2005,42,Female,154,42355
SCO,2005,43,Female,130,41036
SCO,2005,44,Female,126,40564
SCO,2005,45,Female,111,39099
SCO,2005,46,Female,95,39091
SCO,2005,47,Female,85,38141
SCO,2005,48,Female,71,37154
SCO,2005,49,Female,55,35953
SCO,2005,50,Female,54,34593
SCO,2005,51,Female,43,34252
SCO,2005,52,Female,34,33604
SCO,2005,53,Female,32,32561
SCO,2005,54,Female,20,33293
SCO,2005,55,Female,34,33473
SCO,2005,56,Female,20,34588
SCO,2005,57,Female,27,35854
SCO,2005,58,Female,27,39020
SCO,2005,59,Female,13,29998
SCO,2005,60,Female,9,28994
SCO,2005,61,Female,11,29748
SCO,2005,62,Female,8,29465
SCO,2005,63,Female,3,27556
SCO,2005,64,Female,4,26172
SCO,2005,65,Female,10,26954
SCO,2005,66,Female,4,26696
SCO,2005,67,Female,2,26264
SCO,2005,68,Female,3,25797
SCO,2005,69,Female,1,25329
SCO,2005,70,Female,0,24763
SCO,2005,71,Female,2,23813
SCO,2005,72,Female,0,22994
SCO,2005,73,Female,0,23407
SCO,2005,74,Female,1,22533
SCO,2005,75,Female,0,21870
SCO,2005,76,Female,0,20737
SCO,2005,77,Female,0,19083
SCO,2005,78,Female,0,18487
SCO,2005,79,Female,1,18256
SCO,2005,80,Female,0,16780
SCO,2005,81,Female,0,16013
SCO,2005,82,Female,0,14582
SCO,2005,83,Female,0,14198
SCO,2005,84,Female,0,14137
SCO,2005,85,Female,0,13489
SCO,2005,86,Female,0,8550
SCO,2005,87,Female,0,7175
SCO,2005,88,Female,0,6594
SCO,2005,89,Female,0,6162
SCO,2005,90 & over,Female,0,22119
SCO,2006,16,Female,419,30946
SCO,2006,17,Female,412,31139
SCO,2006,18,Female,459,32372
SCO,2006,19,Female,420,33861
SCO,2006,20,Female,344,34748
SCO,2006,21,Female,350,35204
SCO,2006,22,Female,361,33319
SCO,2006,23,Female,355,33542
SCO,2006,24,Female,394,34045
SCO,2006,25,Female,343,34135
SCO,2006,26,Female,318,33301
SCO,2006,27,Female,285,31371
SCO,2006,28,Female,287,29539
SCO,2006,29,Female,255,28726
SCO,2006,30,Female,268,30782
SCO,2006,31,Female,271,31588
SCO,2006,32,Female,269,31949
SCO,2006,33,Female,277,34309
SCO,2006,34,Female,279,37010
SCO,2006,35,Female,240,38906
SCO,2006,36,Female,235,38649
SCO,2006,37,Female,226,40136
SCO,2006,38,Female,208,41128
SCO,2006,39,Female,200,41296
SCO,2006,40,Female,205,41370
SCO,2006,41,Female,197,42574
SCO,2006,42,Female,168,42637
SCO,2006,43,Female,147,42418
SCO,2006,44,Female,151,41010
SCO,2006,45,Female,134,40495
SCO,2006,46,Female,104,39083
SCO,2006,47,Female,85,39087
SCO,2006,48,Female,93,38082
SCO,2006,49,Female,77,37082
SCO,2006,50,Female,58,35926
SCO,2006,51,Female,50,34598
SCO,2006,52,Female,51,34203
SCO,2006,53,Female,41,33599
SCO,2006,54,Female,35,32551
SCO,2006,55,Female,36,33243
SCO,2006,56,Female,24,33336
SCO,2006,57,Female,25,34498
SCO,2006,58,Female,24,35735
SCO,2006,59,Female,22,38927
SCO,2006,60,Female,9,29863
SCO,2006,61,Female,7,28842
SCO,2006,62,Female,13,29521
SCO,2006,63,Female,8,29230
SCO,2006,64,Female,2,27306
SCO,2006,65,Female,1,25877
SCO,2006,66,Female,3,26606
SCO,2006,67,Female,1,26315
SCO,2006,68,Female,3,25919
SCO,2006,69,Female,0,25393
SCO,2006,70,Female,0,24870
SCO,2006,71,Female,1,24290
SCO,2006,72,Female,0,23251
SCO,2006,73,Female,0,22459
SCO,2006,74,Female,0,22722
SCO,2006,75,Female,0,21821
SCO,2006,76,Female,0,21076
SCO,2006,77,Female,0,19893
SCO,2006,78,Female,1,18255
SCO,2006,79,Female,0,17587
SCO,2006,80,Female,0,17310
SCO,2006,81,Female,1,15729
SCO,2006,82,Female,0,14970
SCO,2006,83,Female,0,13520
SCO,2006,84,Female,0,13034
SCO,2006,85,Female,0,12926
SCO,2006,86,Female,0,12264
SCO,2006,87,Female,0,7636
SCO,2006,88,Female,0,6320
SCO,2006,89,Female,0,5750
SCO,2006,90 & over,Female,0,22387
SCO,2007,16,Female,384,31885
SCO,2007,17,Female,353,31618
SCO,2007,18,Female,371,31880
SCO,2007,19,Female,383,34522
SCO,2007,20,Female,330,35201
SCO,2007,21,Female,342,34705
SCO,2007,22,Female,341,34996
SCO,2007,23,Female,332,33586
SCO,2007,24,Female,355,33892
SCO,2007,25,Female,373,34608
SCO,2007,26,Female,333,34452
SCO,2007,27,Female,320,33791
SCO,2007,28,Female,250,31865
SCO,2007,29,Female,253,30026
SCO,2007,30,Female,213,29183
SCO,2007,31,Female,240,31146
SCO,2007,32,Female,219,31948
SCO,2007,33,Female,227,32297
SCO,2007,34,Female,209,34664
SCO,2007,35,Female,237,37340
SCO,2007,36,Female,243,39167
SCO,2007,37,Female,211,38818
SCO,2007,38,Female,213,40360
SCO,2007,39,Female,203,41290
SCO,2007,40,Female,205,41414
SCO,2007,41,Female,178,41466
SCO,2007,42,Female,185,42641
SCO,2007,43,Female,157,42728
SCO,2007,44,Female,137,42443
SCO,2007,45,Female,136,41076
SCO,2007,46,Female,120,40506
SCO,2007,47,Female,71,39087
SCO,2007,48,Female,75,39108
SCO,2007,49,Female,56,38073
SCO,2007,50,Female,66,37107
SCO,2007,51,Female,52,35977
SCO,2007,52,Female,39,34569
SCO,2007,53,Female,32,34179
SCO,2007,54,Female,29,33575
SCO,2007,55,Female,37,32552
SCO,2007,56,Female,22,33211
SCO,2007,57,Female,17,33252
SCO,2007,58,Female,22,34411
SCO,2007,59,Female,20,35631
SCO,2007,60,Female,12,38866
SCO,2007,61,Female,9,29712
SCO,2007,62,Female,4,28662
SCO,2007,63,Female,7,29298
SCO,2007,64,Female,3,28977
SCO,2007,65,Female,5,27060
SCO,2007,66,Female,0,25593
SCO,2007,67,Female,5,26279
SCO,2007,68,Female,2,25912
SCO,2007,69,Female,4,25532
SCO,2007,70,Female,1,24996
SCO,2007,71,Female,1,24440
SCO,2007,72,Female,0,23735
SCO,2007,73,Female,1,22697
SCO,2007,74,Female,1,21830
SCO,2007,75,Female,0,22034
SCO,2007,76,Female,1,21091
SCO,2007,77,Female,2,20295
SCO,2007,78,Female,0,19097
SCO,2007,79,Female,0,17429
SCO,2007,80,Female,0,16676
SCO,2007,81,Female,1,16254
SCO,2007,82,Female,0,14710
SCO,2007,83,Female,0,13816
SCO,2007,84,Female,0,12454
SCO,2007,85,Female,0,11858
SCO,2007,86,Female,0,11652
SCO,2007,87,Female,0,11008
SCO,2007,88,Female,0,6665
SCO,2007,89,Female,0,5505
SCO,2007,90 & over,Female,0,22069
SCO,2008,16,Female,334,32414
SCO,2008,17,Female,300,32277
SCO,2008,18,Female,299,32339
SCO,2008,19,Female,300,34373
SCO,2008,20,Female,347,35736
SCO,2008,21,Female,306,35013
SCO,2008,22,Female,303,35066
SCO,2008,23,Female,304,34964
SCO,2008,24,Female,311,33658
SCO,2008,25,Female,292,34238
SCO,2008,26,Female,367,34902
SCO,2008,27,Female,302,34636
SCO,2008,28,Female,289,33978
SCO,2008,29,Female,242,32248
SCO,2008,30,Female,240,30453
SCO,2008,31,Female,232,29487
SCO,2008,32,Female,224,31440
SCO,2008,33,Female,238,32169
SCO,2008,34,Female,200,32608
SCO,2008,35,Female,223,34890
SCO,2008,36,Female,195,37544
SCO,2008,37,Female,173,39337
SCO,2008,38,Female,199,38996
SCO,2008,39,Female,188,40469
SCO,2008,40,Female,187,41417
SCO,2008,41,Female,172,41465
SCO,2008,42,Female,147,41551
SCO,2008,43,Female,171,42696
SCO,2008,44,Female,135,42788
SCO,2008,45,Female,132,42448
SCO,2008,46,Female,106,41101
SCO,2008,47,Female,89,40463
SCO,2008,48,Female,73,39077
SCO,2008,49,Female,78,39086
SCO,2008,50,Female,58,38074
SCO,2008,51,Female,56,37035
SCO,2008,52,Female,51,35936
SCO,2008,53,Female,45,34550
SCO,2008,54,Female,23,34127
SCO,2008,55,Female,28,33509
SCO,2008,56,Female,29,32490
SCO,2008,57,Female,26,33116
SCO,2008,58,Female,15,33113
SCO,2008,59,Female,11,34284
SCO,2008,60,Female,16,35498
SCO,2008,61,Female,12,38711
SCO,2008,62,Female,9,29497
SCO,2008,63,Female,5,28487
SCO,2008,64,Female,2,28998
SCO,2008,65,Female,2,28723
SCO,2008,66,Female,1,26762
SCO,2008,67,Female,2,25258
SCO,2008,68,Female,1,25940
SCO,2008,69,Female,0,25516
SCO,2008,70,Female,0,25062
SCO,2008,71,Female,3,24561
SCO,2008,72,Female,1,23950
SCO,2008,73,Female,1,23218
SCO,2008,74,Female,0,22064
SCO,2008,75,Female,0,21189
SCO,2008,76,Female,0,21290
SCO,2008,77,Female,2,20357
SCO,2008,78,Female,0,19392
SCO,2008,79,Female,0,18224
SCO,2008,80,Female,0,16568
SCO,2008,81,Female,0,15744
SCO,2008,82,Female,0,15234
SCO,2008,83,Female,1,13650
SCO,2008,84,Female,0,12702
SCO,2008,85,Female,0,11335
SCO,2008,86,Female,0,10733
SCO,2008,87,Female,0,10419
SCO,2008,88,Female,0,9701
SCO,2008,89,Female,0,5783
SCO,2008,90 & over,Female,0,21756
SCO,2009,16,Female,274,31655
SCO,2009,17,Female,324,34055
SCO,2009,18,Female,302,34075
SCO,2009,19,Female,292,33621
SCO,2009,20,Female,305,34170
SCO,2009,21,Female,303,35598
SCO,2009,22,Female,309,35490
SCO,2009,23,Female,306,35165
SCO,2009,24,Female,332,34990
SCO,2009,25,Female,309,33811
SCO,2009,26,Female,285,34519
SCO,2009,27,Female,323,35119
SCO,2009,28,Female,311,34864
SCO,2009,29,Female,291,34102
SCO,2009,30,Female,285,32624
SCO,2009,31,Female,247,30666
SCO,2009,32,Female,220,29683
SCO,2009,33,Female,243,31730
SCO,2009,34,Female,223,32478
SCO,2009,35,Female,225,32794
SCO,2009,36,Female,231,34998
SCO,2009,37,Female,214,37727
SCO,2009,38,Female,210,39532
SCO,2009,39,Female,185,39157
SCO,2009,40,Female,184,40510
SCO,2009,41,Female,154,41475
SCO,2009,42,Female,174,41426
SCO,2009,43,Female,124,41548
SCO,2009,44,Female,146,42731
SCO,2009,45,Female,123,42814
SCO,2009,46,Female,117,42432
SCO,2009,47,Female,96,41139
SCO,2009,48,Female,85,40402
SCO,2009,49,Female,65,38973
SCO,2009,50,Female,61,39023
SCO,2009,51,Female,62,38010
SCO,2009,52,Female,47,36946
SCO,2009,53,Female,43,35856
SCO,2009,54,Female,37,34489
SCO,2009,55,Female,28,34020
SCO,2009,56,Female,30,33450
SCO,2009,57,Female,30,32421
SCO,2009,58,Female,17,32969
SCO,2009,59,Female,18,32968
SCO,2009,60,Female,13,34108
SCO,2009,61,Female,21,35259
SCO,2009,62,Female,15,38480
SCO,2009,63,Female,9,29246
SCO,2009,64,Female,3,28255
SCO,2009,65,Female,5,28715
SCO,2009,66,Female,4,28427
SCO,2009,67,Female,2,26433
SCO,2009,68,Female,4,24923
SCO,2009,69,Female,2,25559
SCO,2009,70,Female,1,25115
SCO,2009,71,Female,2,24650
SCO,2009,72,Female,0,24034
SCO,2009,73,Female,0,23414
SCO,2009,74,Female,1,22646
SCO,2009,75,Female,1,21457
SCO,2009,76,Female,1,20484
SCO,2009,77,Female,0,20530
SCO,2009,78,Female,0,19554
SCO,2009,79,Female,0,18513
SCO,2009,80,Female,0,17269
SCO,2009,81,Female,0,15653
SCO,2009,82,Female,0,14755
SCO,2009,83,Female,0,14158
SCO,2009,84,Female,0,12558
SCO,2009,85,Female,0,11586
SCO,2009,86,Female,0,10270
SCO,2009,87,Female,0,9527
SCO,2009,88,Female,0,9237
SCO,2009,89,Female,0,8462
SCO,2009,90 & over,Female,0,21747
SCO,2010,16,Female,183,30847
SCO,2010,17,Female,254,31812
SCO,2010,18,Female,272,34941
SCO,2010,19,Female,283,36110
SCO,2010,20,Female,251,35076
SCO,2010,21,Female,246,35282
SCO,2010,22,Female,249,36499
SCO,2010,23,Female,251,35768
SCO,2010,24,Female,285,35201
SCO,2010,25,Female,269,35229
SCO,2010,26,Female,230,33969
SCO,2010,27,Female,259,34777
SCO,2010,28,Female,262,35393
SCO,2010,29,Female,270,35019
SCO,2010,30,Female,231,34211
SCO,2010,31,Female,217,32834
SCO,2010,32,Female,209,30892
SCO,2010,33,Female,189,29939
SCO,2010,34,Female,204,31969
SCO,2010,35,Female,186,32670
SCO,2010,36,Female,206,32937
SCO,2010,37,Female,191,35134
SCO,2010,38,Female,200,37905
SCO,2010,39,Female,181,39664
SCO,2010,40,Female,128,39195
SCO,2010,41,Female,130,40628
SCO,2010,42,Female,155,41546
SCO,2010,43,Female,130,41443
SCO,2010,44,Female,100,41526
SCO,2010,45,Female,119,42776
SCO,2010,46,Female,101,42793
SCO,2010,47,Female,99,42422
SCO,2010,48,Female,94,41058
SCO,2010,49,Female,68,40346
SCO,2010,50,Female,55,38894
SCO,2010,51,Female,57,38972
SCO,2010,52,Female,56,37965
SCO,2010,53,Female,43,36843
SCO,2010,54,Female,35,35713
SCO,2010,55,Female,23,34396
SCO,2010,56,Female,20,33939
SCO,2010,57,Female,23,33345
SCO,2010,58,Female,17,32306
SCO,2010,59,Female,13,32867
SCO,2010,60,Female,14,32788
SCO,2010,61,Female,12,33913
SCO,2010,62,Female,7,35067
SCO,2010,63,Female,4,38269
SCO,2010,64,Female,4,29001
SCO,2010,65,Female,7,27995
SCO,2010,66,Female,2,28404
SCO,2010,67,Female,2,28073
SCO,2010,68,Female,1,26105
SCO,2010,69,Female,1,24530
SCO,2010,70,Female,0,25121
SCO,2010,71,Female,0,24653
SCO,2010,72,Female,1,24148
SCO,2010,73,Female,1,23497
SCO,2010,74,Female,2,22841
SCO,2010,75,Female,1,22060
SCO,2010,76,Female,0,20769
SCO,2010,77,Female,0,19823
SCO,2010,78,Female,1,19807
SCO,2010,79,Female,0,18664
SCO,2010,80,Female,0,17560
SCO,2010,81,Female,0,16317
SCO,2010,82,Female,0,14750
SCO,2010,83,Female,0,13766
SCO,2010,84,Female,0,13089
SCO,2010,85,Female,0,11488
SCO,2010,86,Female,0,10485
SCO,2010,87,Female,0,9208
SCO,2010,88,Female,0,8425
SCO,2010,89,Female,0,8137
SCO,2010,90 & over,Female,1,24274
SCO,2011,16,Female,164,30055
SCO,2011,17,Female,226,31165
SCO,2011,18,Female,241,33036
SCO,2011,19,Female,293,36620
SCO,2011,20,Female,259,37513
SCO,2011,21,Female,275,36386
SCO,2011,22,Female,248,36450
SCO,2011,23,Female,278,37038
SCO,2011,24,Female,262,36098
SCO,2011,25,Female,282,35492
SCO,2011,26,Female,244,35491
SCO,2011,27,Female,255,34274
SCO,2011,28,Female,252,35002
SCO,2011,29,Female,282,35698
SCO,2011,30,Female,275,35146
SCO,2011,31,Female,239,34479
SCO,2011,32,Female,232,33073
SCO,2011,33,Female,215,31212
SCO,2011,34,Female,181,30232
SCO,2011,35,Female,195,32242
SCO,2011,36,Female,199,32892
SCO,2011,37,Female,208,33168
SCO,2011,38,Female,179,35265
SCO,2011,39,Female,172,38065
SCO,2011,40,Female,161,39755
SCO,2011,41,Female,135,39275
SCO,2011,42,Female,123,40695
SCO,2011,43,Female,132,41588
SCO,2011,44,Female,106,41478
SCO,2011,45,Female,131,41500
SCO,2011,46,Female,120,42830
SCO,2011,47,Female,97,42788
SCO,2011,48,Female,77,42389
SCO,2011,49,Female,75,41054
SCO,2011,50,Female,56,40323
SCO,2011,51,Female,65,38809
SCO,2011,52,Female,38,38896
SCO,2011,53,Female,43,37861
SCO,2011,54,Female,34,36731
SCO,2011,55,Female,27,35637
SCO,2011,56,Female,24,34292
SCO,2011,57,Female,17,33842
SCO,2011,58,Female,25,33239
SCO,2011,59,Female,15,32154
SCO,2011,60,Female,10,32717
SCO,2011,61,Female,13,32585
SCO,2011,62,Female,5,33718
SCO,2011,63,Female,7,34827
SCO,2011,64,Female,8,37988
SCO,2011,65,Female,3,28758
SCO,2011,66,Female,5,27718
SCO,2011,67,Female,2,28097
SCO,2011,68,Female,2,27702
SCO,2011,69,Female,1,25723
SCO,2011,70,Female,0,24164
SCO,2011,71,Female,1,24691
SCO,2011,72,Female,1,24184
SCO,2011,73,Female,0,23655
SCO,2011,74,Female,1,23009
SCO,2011,75,Female,0,22244
SCO,2011,76,Female,0,21406
SCO,2011,77,Female,1,20067
SCO,2011,78,Female,1,19046
SCO,2011,79,Female,0,18993
SCO,2011,80,Female,0,17802
SCO,2011,81,Female,0,16639
SCO,2011,82,Female,0,15284
SCO,2011,83,Female,0,13764
SCO,2011,84,Female,0,12725
SCO,2011,85,Female,0,11956
SCO,2011,86,Female,0,10446
SCO,2011,87,Female,0,9487
SCO,2011,88,Female,0,8188
SCO,2011,89,Female,0,7441
SCO,2011,90 & over,Female,0,26117
SCO,2012,16,Female,97,29672
SCO,2012,17,Female,133,30226
SCO,2012,18,Female,155,32141
SCO,2012,19,Female,176,34363
SCO,2012,20,Female,215,37578
SCO,2012,21,Female,214,38295
SCO,2012,22,Female,183,37065
SCO,2012,23,Female,206,36508
SCO,2012,24,Female,229,36746
SCO,2012,25,Female,189,36013
SCO,2012,26,Female,223,35392
SCO,2012,27,Female,204,35533
SCO,2012,28,Female,171,34331
SCO,2012,29,Female,205,35044
SCO,2012,30,Female,232,35749
SCO,2012,31,Female,175,35185
SCO,2012,32,Female,184,34552
SCO,2012,33,Female,177,32996
SCO,2012,34,Female,144,31199
SCO,2012,35,Female,134,30243
SCO,2012,36,Female,143,32286
SCO,2012,37,Female,144,32944
SCO,2012,38,Female,124,33118
SCO,2012,39,Female,132,35259
SCO,2012,40,Female,124,38025
SCO,2012,41,Female,117,39777
SCO,2012,42,Female,126,39221
SCO,2012,43,Female,114,40668
SCO,2012,44,Female,88,41583
SCO,2012,45,Female,96,41445
SCO,2012,46,Female,97,41474
SCO,2012,47,Female,65,42793
SCO,2012,48,Female,82,42732
SCO,2012,49,Female,72,42321
SCO,2012,50,Female,48,40980
SCO,2012,51,Female,48,40255
SCO,2012,52,Female,31,38679
SCO,2012,53,Female,39,38805
SCO,2012,54,Female,29,37747
SCO,2012,55,Female,32,36621
SCO,2012,56,Female,19,35524
SCO,2012,57,Female,16,34169
SCO,2012,58,Female,10,33673
SCO,2012,59,Female,11,33103
SCO,2012,60,Female,13,32025
SCO,2012,61,Female,8,32486
SCO,2012,62,Female,4,32321
SCO,2012,63,Female,1,33485
SCO,2012,64,Female,3,34524
SCO,2012,65,Female,5,37630
SCO,2012,66,Female,3,28422
SCO,2012,67,Female,2,27338
SCO,2012,68,Female,1,27723
SCO,2012,69,Female,0,27285
SCO,2012,70,Female,1,25294
SCO,2012,71,Female,0,23727
SCO,2012,72,Female,2,24167
SCO,2012,73,Female,0,23668
SCO,2012,74,Female,0,23058
SCO,2012,75,Female,0,22378
SCO,2012,76,Female,0,21634
SCO,2012,77,Female,0,20635
SCO,2012,78,Female,0,19317
SCO,2012,79,Female,0,18240
SCO,2012,80,Female,0,18186
SCO,2012,81,Female,0,16854
SCO,2012,82,Female,0,15639
SCO,2012,83,Female,0,14265
SCO,2012,84,Female,0,12770
SCO,2012,85,Female,0,11771
SCO,2012,86,Female,0,10847
SCO,2012,87,Female,0,9384
SCO,2012,88,Female,0,8392
SCO,2012,89,Female,0,7105
SCO,2012,90 & over,Female,0,27066
